cdmTableName,cdmFieldName,checkName,Threshold,checkParameter,checkParameter_TableName,checkParameter_FieldName,Notes
CARE_SITE,care_site_id,isRequired,0,,,,
CDM_SOURCE,cdm_holder,isRequired,0,,,,
CDM_SOURCE,cdm_release_date,isRequired,0,,,,
CDM_SOURCE,cdm_source_abbreviation,isRequired,0,,,,
CDM_SOURCE,cdm_source_name,isRequired,0,,,,
CDM_SOURCE,cdm_version_concept_id,isRequired,0,,,,
CDM_SOURCE,source_release_date,isRequired,0,,,,
CDM_SOURCE,vocabulary_version,isRequired,0,,,,
COHORT,cohort_definition_id,isRequired,0,,,,
COHORT,cohort_end_date,isRequired,0,,,,
COHORT,cohort_start_date,isRequired,0,,,,
COHORT,subject_id,isRequired,0,,,,
COHORT_DEFINITION,cohort_definition_id,isRequired,0,,,,
COHORT_DEFINITION,cohort_definition_name,isRequired,0,,,,
COHORT_DEFINITION,definition_type_concept_id,isRequired,0,,,,
COHORT_DEFINITION,subject_concept_id,isRequired,0,,,,
CONCEPT,concept_class_id,isRequired,0,,,,
CONCEPT,concept_code,isRequired,0,,,,
CONCEPT,concept_id,isRequired,0,,,,
CONCEPT,concept_name,isRequired,0,,,,
CONCEPT,domain_id,isRequired,0,,,,
CONCEPT,valid_end_date,isRequired,0,,,,
CONCEPT,valid_start_date,isRequired,0,,,,
CONCEPT,vocabulary_id,isRequired,0,,,,
CONCEPT_ANCESTOR,ancestor_concept_id,isRequired,0,,,,
CONCEPT_ANCESTOR,descendant_concept_id,isRequired,0,,,,
CONCEPT_ANCESTOR,max_levels_of_separation,isRequired,0,,,,
CONCEPT_ANCESTOR,min_levels_of_separation,isRequired,0,,,,
CONCEPT_CLASS,concept_class_concept_id,isRequired,0,,,,
CONCEPT_CLASS,concept_class_id,isRequired,0,,,,
CONCEPT_CLASS,concept_class_name,isRequired,0,,,,
CONCEPT_RELATIONSHIP,concept_id_1,isRequired,0,,,,
CONCEPT_RELATIONSHIP,concept_id_2,isRequired,0,,,,
CONCEPT_RELATIONSHIP,relationship_id,isRequired,0,,,,
CONCEPT_RELATIONSHIP,valid_end_date,isRequired,0,,,,
CONCEPT_RELATIONSHIP,valid_start_date,isRequired,0,,,,
CONCEPT_SYNONYM,concept_id,isRequired,0,,,,
CONCEPT_SYNONYM,concept_synonym_name,isRequired,0,,,,
CONCEPT_SYNONYM,language_concept_id,isRequired,0,,,,
CONDITION_ERA,condition_concept_id,isRequired,0,,,,
CONDITION_ERA,condition_era_end_date,isRequired,0,,,,
CONDITION_ERA,condition_era_id,isRequired,0,,,,
CONDITION_ERA,condition_era_start_date,isRequired,0,,,,
CONDITION_ERA,person_id,isRequired,0,,,,
CONDITION_OCCURRENCE,condition_concept_id,isRequired,0,,,,
CONDITION_OCCURRENCE,condition_occurrence_id,isRequired,0,,,,
CONDITION_OCCURRENCE,condition_start_date,isRequired,0,,,,
CONDITION_OCCURRENCE,condition_type_concept_id,isRequired,0,,,,
CONDITION_OCCURRENCE,person_id,isRequired,0,,,,
COST,cost_domain_id,isRequired,0,,,,
COST,cost_event_id,isRequired,0,,,,
COST,cost_id,isRequired,0,,,,
COST,cost_type_concept_id,isRequired,0,,,,
DEATH,death_date,isRequired,0,,,,
DEATH,person_id,isRequired,0,,,,
DEVICE_EXPOSURE,device_concept_id,isRequired,0,,,,
DEVICE_EXPOSURE,device_exposure_id,isRequired,0,,,,
DEVICE_EXPOSURE,device_exposure_start_date,isRequired,0,,,,
DEVICE_EXPOSURE,device_type_concept_id,isRequired,0,,,,
DEVICE_EXPOSURE,person_id,isRequired,0,,,,
DOMAIN,domain_concept_id,isRequired,0,,,,
DOMAIN,domain_id,isRequired,0,,,,
DOMAIN,domain_name,isRequired,0,,,,
DOSE_ERA,dose_era_end_date,isRequired,0,,,,
DOSE_ERA,dose_era_id,isRequired,0,,,,
DOSE_ERA,dose_era_start_date,isRequired,0,,,,
DOSE_ERA,dose_value,isRequired,0,,,,
DOSE_ERA,drug_concept_id,isRequired,0,,,,
DOSE_ERA,person_id,isRequired,0,,,,
DOSE_ERA,unit_concept_id,isRequired,0,,,,
DRUG_ERA,drug_concept_id,isRequired,0,,,,
DRUG_ERA,drug_era_end_date,isRequired,0,,,,
DRUG_ERA,drug_era_id,isRequired,0,,,,
DRUG_ERA,drug_era_start_date,isRequired,0,,,,
DRUG_ERA,person_id,isRequired,0,,,,
DRUG_EXPOSURE,drug_concept_id,isRequired,0,,,,
DRUG_EXPOSURE,drug_exposure_end_date,isRequired,0,,,,
DRUG_EXPOSURE,drug_exposure_id,isRequired,0,,,,
DRUG_EXPOSURE,drug_exposure_start_date,isRequired,0,,,,
DRUG_EXPOSURE,drug_type_concept_id,isRequired,0,,,,
DRUG_EXPOSURE,person_id,isRequired,0,,,,
DRUG_STRENGTH,drug_concept_id,isRequired,0,,,,
DRUG_STRENGTH,ingredient_concept_id,isRequired,0,,,,
DRUG_STRENGTH,valid_end_date,isRequired,0,,,,
DRUG_STRENGTH,valid_start_date,isRequired,0,,,,
EPISODE,episode_concept_id,isRequired,0,,,,
EPISODE,episode_id,isRequired,0,,,,
EPISODE,episode_object_concept_id,isRequired,0,,,,
EPISODE,episode_start_date,isRequired,0,,,,
EPISODE,episode_type_concept_id,isRequired,0,,,,
EPISODE,person_id,isRequired,0,,,,
EPISODE_EVENT,episode_event_field_concept_id,isRequired,0,,,,
EPISODE_EVENT,episode_id,isRequired,0,,,,
EPISODE_EVENT,event_id,isRequired,0,,,,
FACT_RELATIONSHIP,domain_concept_id_1,isRequired,0,,,,
FACT_RELATIONSHIP,domain_concept_id_2,isRequired,0,,,,
FACT_RELATIONSHIP,fact_id_1,isRequired,0,,,,
FACT_RELATIONSHIP,fact_id_2,isRequired,0,,,,
FACT_RELATIONSHIP,relationship_concept_id,isRequired,0,,,,
LOCATION,location_id,isRequired,0,,,,
MEASUREMENT,measurement_concept_id,isRequired,0,,,,
MEASUREMENT,measurement_date,isRequired,0,,,,
MEASUREMENT,measurement_id,isRequired,0,,,,
MEASUREMENT,measurement_type_concept_id,isRequired,0,,,,
MEASUREMENT,person_id,isRequired,0,,,,
METADATA,metadata_concept_id,isRequired,0,,,,
METADATA,metadata_id,isRequired,0,,,,
METADATA,metadata_type_concept_id,isRequired,0,,,,
METADATA,name,isRequired,0,,,,
NOTE,encoding_concept_id,isRequired,0,,,,
NOTE,language_concept_id,isRequired,0,,,,
NOTE,note_class_concept_id,isRequired,0,,,,
NOTE,note_date,isRequired,0,,,,
NOTE,note_id,isRequired,0,,,,
NOTE,note_text,isRequired,0,,,,
NOTE,note_type_concept_id,isRequired,0,,,,
NOTE,person_id,isRequired,0,,,,
NOTE_NLP,lexical_variant,isRequired,0,,,,
NOTE_NLP,nlp_date,isRequired,0,,,,
NOTE_NLP,note_id,isRequired,0,,,,
NOTE_NLP,note_nlp_id,isRequired,0,,,,
OBSERVATION,observation_concept_id,isRequired,0,,,,
OBSERVATION,observation_date,isRequired,0,,,,
OBSERVATION,observation_id,isRequired,0,,,,
OBSERVATION,observation_type_concept_id,isRequired,0,,,,
OBSERVATION,person_id,isRequired,0,,,,
OBSERVATION_PERIOD,observation_period_end_date,isRequired,0,,,,
OBSERVATION_PERIOD,observation_period_id,isRequired,0,,,,
OBSERVATION_PERIOD,observation_period_start_date,isRequired,0,,,,
OBSERVATION_PERIOD,period_type_concept_id,isRequired,0,,,,
OBSERVATION_PERIOD,person_id,isRequired,0,,,,
PAYER_PLAN_PERIOD,payer_plan_period_end_date,isRequired,0,,,,
PAYER_PLAN_PERIOD,payer_plan_period_id,isRequired,0,,,,
PAYER_PLAN_PERIOD,payer_plan_period_start_date,isRequired,0,,,,
PAYER_PLAN_PERIOD,person_id,isRequired,0,,,,
PERSON,ethnicity_concept_id,isRequired,0,,,,
PERSON,gender_concept_id,isRequired,0,,,,
PERSON,person_id,isRequired,0,,,,
PERSON,race_concept_id,isRequired,0,,,,
PERSON,year_of_birth,isRequired,0,,,,
PROCEDURE_OCCURRENCE,person_id,isRequired,0,,,,
PROCEDURE_OCCURRENCE,procedure_concept_id,isRequired,0,,,,
PROCEDURE_OCCURRENCE,procedure_date,isRequired,0,,,,
PROCEDURE_OCCURRENCE,procedure_occurrence_id,isRequired,0,,,,
PROCEDURE_OCCURRENCE,procedure_type_concept_id,isRequired,0,,,,
PROVIDER,provider_id,isRequired,0,,,,
RELATIONSHIP,defines_ancestry,isRequired,0,,,,
RELATIONSHIP,is_hierarchical,isRequired,0,,,,
RELATIONSHIP,relationship_concept_id,isRequired,0,,,,
RELATIONSHIP,relationship_id,isRequired,0,,,,
RELATIONSHIP,relationship_name,isRequired,0,,,,
RELATIONSHIP,reverse_relationship_id,isRequired,0,,,,
SOURCE_TO_CONCEPT_MAP,source_code,isRequired,0,,,,
SOURCE_TO_CONCEPT_MAP,source_concept_id,isRequired,0,,,,
SOURCE_TO_CONCEPT_MAP,source_vocabulary_id,isRequired,0,,,,
SOURCE_TO_CONCEPT_MAP,target_concept_id,isRequired,0,,,,
SOURCE_TO_CONCEPT_MAP,target_vocabulary_id,isRequired,0,,,,
SOURCE_TO_CONCEPT_MAP,valid_end_date,isRequired,0,,,,
SOURCE_TO_CONCEPT_MAP,valid_start_date,isRequired,0,,,,
SPECIMEN,person_id,isRequired,0,,,,
SPECIMEN,specimen_concept_id,isRequired,0,,,,
SPECIMEN,specimen_date,isRequired,0,,,,
SPECIMEN,specimen_id,isRequired,0,,,,
SPECIMEN,specimen_type_concept_id,isRequired,0,,,,
VISIT_DETAIL,person_id,isRequired,0,,,,
VISIT_DETAIL,visit_detail_concept_id,isRequired,0,,,,
VISIT_DETAIL,visit_detail_end_date,isRequired,0,,,,
VISIT_DETAIL,visit_detail_id,isRequired,0,,,,
VISIT_DETAIL,visit_detail_start_date,isRequired,0,,,,
VISIT_DETAIL,visit_detail_type_concept_id,isRequired,0,,,,
VISIT_DETAIL,visit_occurrence_id,isRequired,0,,,,
VISIT_OCCURRENCE,person_id,isRequired,0,,,,
VISIT_OCCURRENCE,visit_concept_id,isRequired,0,,,,
VISIT_OCCURRENCE,visit_end_date,isRequired,0,,,,
VISIT_OCCURRENCE,visit_occurrence_id,isRequired,0,,,,
VISIT_OCCURRENCE,visit_start_date,isRequired,0,,,,
VISIT_OCCURRENCE,visit_type_concept_id,isRequired,0,,,,
VOCABULARY,vocabulary_concept_id,isRequired,0,,,,
VOCABULARY,vocabulary_id,isRequired,0,,,,
VOCABULARY,vocabulary_name,isRequired,0,,,,
CARE_SITE,care_site_id,cdmDatatype,0,integer,,,
CARE_SITE,care_site_name,cdmDatatype,0,varchar(255),,,
CARE_SITE,care_site_source_value,cdmDatatype,0,varchar(50),,,
CARE_SITE,location_id,cdmDatatype,0,integer,,,
CARE_SITE,place_of_service_concept_id,cdmDatatype,0,integer,,,
CARE_SITE,place_of_service_source_value,cdmDatatype,0,varchar(50),,,
CDM_SOURCE,cdm_etl_reference,cdmDatatype,0,varchar(255),,,
CDM_SOURCE,cdm_holder,cdmDatatype,0,varchar(255),,,
CDM_SOURCE,cdm_release_date,cdmDatatype,0,date,,,
CDM_SOURCE,cdm_source_abbreviation,cdmDatatype,0,varchar(25),,,
CDM_SOURCE,cdm_source_name,cdmDatatype,0,varchar(255),,,
CDM_SOURCE,cdm_version,cdmDatatype,0,varchar(10),,,
CDM_SOURCE,cdm_version_concept_id,cdmDatatype,0,integer,,,
CDM_SOURCE,source_description,cdmDatatype,0,varchar(MAX),,,
CDM_SOURCE,source_documentation_reference,cdmDatatype,0,varchar(255),,,
CDM_SOURCE,source_release_date,cdmDatatype,0,date,,,
CDM_SOURCE,vocabulary_version,cdmDatatype,0,varchar(20),,,
COHORT,cohort_definition_id,cdmDatatype,0,integer,,,
COHORT,cohort_end_date,cdmDatatype,0,date,,,
COHORT,cohort_start_date,cdmDatatype,0,date,,,
COHORT,subject_id,cdmDatatype,0,integer,,,
COHORT_DEFINITION,cohort_definition_description,cdmDatatype,0,varchar(MAX),,,
COHORT_DEFINITION,cohort_definition_id,cdmDatatype,0,integer,,,
COHORT_DEFINITION,cohort_definition_name,cdmDatatype,0,varchar(255),,,
COHORT_DEFINITION,cohort_definition_syntax,cdmDatatype,0,varchar(MAX),,,
COHORT_DEFINITION,cohort_initiation_date,cdmDatatype,0,date,,,
COHORT_DEFINITION,definition_type_concept_id,cdmDatatype,0,integer,,,
COHORT_DEFINITION,subject_concept_id,cdmDatatype,0,integer,,,
CONCEPT,concept_class_id,cdmDatatype,0,varchar(20),,,
CONCEPT,concept_code,cdmDatatype,0,varchar(50),,,
CONCEPT,concept_id,cdmDatatype,0,integer,,,
CONCEPT,concept_name,cdmDatatype,0,varchar(255),,,
CONCEPT,domain_id,cdmDatatype,0,varchar(20),,,
CONCEPT,invalid_reason,cdmDatatype,0,varchar(1),,,
CONCEPT,standard_concept,cdmDatatype,0,varchar(1),,,
CONCEPT,valid_end_date,cdmDatatype,0,date,,,
CONCEPT,valid_start_date,cdmDatatype,0,date,,,
CONCEPT,vocabulary_id,cdmDatatype,0,varchar(20),,,
CONCEPT_ANCESTOR,ancestor_concept_id,cdmDatatype,0,integer,,,
CONCEPT_ANCESTOR,descendant_concept_id,cdmDatatype,0,integer,,,
CONCEPT_ANCESTOR,max_levels_of_separation,cdmDatatype,0,integer,,,
CONCEPT_ANCESTOR,min_levels_of_separation,cdmDatatype,0,integer,,,
CONCEPT_CLASS,concept_class_concept_id,cdmDatatype,0,integer,,,
CONCEPT_CLASS,concept_class_id,cdmDatatype,0,varchar(20),,,
CONCEPT_CLASS,concept_class_name,cdmDatatype,0,varchar(255),,,
CONCEPT_RELATIONSHIP,concept_id_1,cdmDatatype,0,integer,,,
CONCEPT_RELATIONSHIP,concept_id_2,cdmDatatype,0,integer,,,
CONCEPT_RELATIONSHIP,invalid_reason,cdmDatatype,0,varchar(1),,,
CONCEPT_RELATIONSHIP,relationship_id,cdmDatatype,0,varchar(20),,,
CONCEPT_RELATIONSHIP,valid_end_date,cdmDatatype,0,date,,,
CONCEPT_RELATIONSHIP,valid_start_date,cdmDatatype,0,date,,,
CONCEPT_SYNONYM,concept_id,cdmDatatype,0,integer,,,
CONCEPT_SYNONYM,concept_synonym_name,cdmDatatype,0,varchar(1000),,,
CONCEPT_SYNONYM,language_concept_id,cdmDatatype,0,integer,,,
CONDITION_ERA,condition_concept_id,cdmDatatype,0,integer,,,
CONDITION_ERA,condition_era_end_date,cdmDatatype,0,datetime,,,
CONDITION_ERA,condition_era_id,cdmDatatype,0,integer,,,
CONDITION_ERA,condition_era_start_date,cdmDatatype,0,datetime,,,
CONDITION_ERA,condition_occurrence_count,cdmDatatype,0,integer,,,
CONDITION_ERA,person_id,cdmDatatype,0,integer,,,
CONDITION_OCCURRENCE,condition_concept_id,cdmDatatype,0,integer,,,
CONDITION_OCCURRENCE,condition_end_date,cdmDatatype,0,date,,,
CONDITION_OCCURRENCE,condition_end_datetime,cdmDatatype,0,datetime,,,
CONDITION_OCCURRENCE,condition_occurrence_id,cdmDatatype,0,integer,,,
CONDITION_OCCURRENCE,condition_source_concept_id,cdmDatatype,0,integer,,,
CONDITION_OCCURRENCE,condition_source_value,cdmDatatype,0,varchar(50),,,
CONDITION_OCCURRENCE,condition_start_date,cdmDatatype,0,date,,,
CONDITION_OCCURRENCE,condition_start_datetime,cdmDatatype,0,datetime,,,
CONDITION_OCCURRENCE,condition_status_concept_id,cdmDatatype,0,integer,,,
CONDITION_OCCURRENCE,condition_status_source_value,cdmDatatype,0,varchar(50),,,
CONDITION_OCCURRENCE,condition_type_concept_id,cdmDatatype,0,integer,,,
CONDITION_OCCURRENCE,person_id,cdmDatatype,0,integer,,,
CONDITION_OCCURRENCE,provider_id,cdmDatatype,0,integer,,,
CONDITION_OCCURRENCE,stop_reason,cdmDatatype,0,varchar(20),,,
CONDITION_OCCURRENCE,visit_detail_id,cdmDatatype,0,integer,,,
CONDITION_OCCURRENCE,visit_occurrence_id,cdmDatatype,0,integer,,,
COST,amount_allowed,cdmDatatype,0,float,,,
COST,cost_domain_id,cdmDatatype,0,varchar(20),,,
COST,cost_event_id,cdmDatatype,0,integer,,,
COST,cost_id,cdmDatatype,0,integer,,,
COST,cost_type_concept_id,cdmDatatype,0,integer,,,
COST,currency_concept_id,cdmDatatype,0,integer,,,
COST,drg_concept_id,cdmDatatype,0,integer,,,
COST,drg_source_value,cdmDatatype,0,varchar(3),,,
COST,paid_by_patient,cdmDatatype,0,float,,,
COST,paid_by_payer,cdmDatatype,0,float,,,
COST,paid_by_primary,cdmDatatype,0,float,,,
COST,paid_dispensing_fee,cdmDatatype,0,float,,,
COST,paid_ingredient_cost,cdmDatatype,0,float,,,
COST,paid_patient_coinsurance,cdmDatatype,0,float,,,
COST,paid_patient_copay,cdmDatatype,0,float,,,
COST,paid_patient_deductible,cdmDatatype,0,float,,,
COST,payer_plan_period_id,cdmDatatype,0,integer,,,
COST,revenue_code_concept_id,cdmDatatype,0,integer,,,
COST,revenue_code_source_value,cdmDatatype,0,varchar(50),,,
COST,total_charge,cdmDatatype,0,float,,,
COST,total_cost,cdmDatatype,0,float,,,
COST,total_paid,cdmDatatype,0,float,,,
DEATH,cause_concept_id,cdmDatatype,0,integer,,,
DEATH,cause_source_concept_id,cdmDatatype,0,integer,,,
DEATH,cause_source_value,cdmDatatype,0,varchar(50),,,
DEATH,death_date,cdmDatatype,0,date,,,
DEATH,death_datetime,cdmDatatype,0,datetime,,,
DEATH,death_type_concept_id,cdmDatatype,0,integer,,,
DEATH,person_id,cdmDatatype,0,integer,,,
DEVICE_EXPOSURE,device_concept_id,cdmDatatype,0,integer,,,
DEVICE_EXPOSURE,device_exposure_end_date,cdmDatatype,0,date,,,
DEVICE_EXPOSURE,device_exposure_end_datetime,cdmDatatype,0,datetime,,,
DEVICE_EXPOSURE,device_exposure_id,cdmDatatype,0,integer,,,
DEVICE_EXPOSURE,device_exposure_start_date,cdmDatatype,0,date,,,
DEVICE_EXPOSURE,device_exposure_start_datetime,cdmDatatype,0,datetime,,,
DEVICE_EXPOSURE,device_source_concept_id,cdmDatatype,0,integer,,,
DEVICE_EXPOSURE,device_source_value,cdmDatatype,0,varchar(50),,,
DEVICE_EXPOSURE,device_type_concept_id,cdmDatatype,0,integer,,,
DEVICE_EXPOSURE,person_id,cdmDatatype,0,integer,,,
DEVICE_EXPOSURE,production_id,cdmDatatype,0,varchar(255),,,
DEVICE_EXPOSURE,provider_id,cdmDatatype,0,integer,,,
DEVICE_EXPOSURE,quantity,cdmDatatype,0,integer,,,
DEVICE_EXPOSURE,unique_device_id,cdmDatatype,0,varchar(255),,,
DEVICE_EXPOSURE,unit_concept_id,cdmDatatype,0,integer,,,
DEVICE_EXPOSURE,unit_source_concept_id,cdmDatatype,0,integer,,,
DEVICE_EXPOSURE,unit_source_value,cdmDatatype,0,varchar(50),,,
DEVICE_EXPOSURE,visit_detail_id,cdmDatatype,0,integer,,,
DEVICE_EXPOSURE,visit_occurrence_id,cdmDatatype,0,integer,,,
DOMAIN,domain_concept_id,cdmDatatype,0,integer,,,
DOMAIN,domain_id,cdmDatatype,0,varchar(20),,,
DOMAIN,domain_name,cdmDatatype,0,varchar(255),,,
DOSE_ERA,dose_era_end_date,cdmDatatype,0,datetime,,,
DOSE_ERA,dose_era_id,cdmDatatype,0,integer,,,
DOSE_ERA,dose_era_start_date,cdmDatatype,0,datetime,,,
DOSE_ERA,dose_value,cdmDatatype,0,float,,,
DOSE_ERA,drug_concept_id,cdmDatatype,0,integer,,,
DOSE_ERA,person_id,cdmDatatype,0,integer,,,
DOSE_ERA,unit_concept_id,cdmDatatype,0,integer,,,
DRUG_ERA,drug_concept_id,cdmDatatype,0,integer,,,
DRUG_ERA,drug_era_end_date,cdmDatatype,0,datetime,,,
DRUG_ERA,drug_era_id,cdmDatatype,0,integer,,,
DRUG_ERA,drug_era_start_date,cdmDatatype,0,datetime,,,
DRUG_ERA,drug_exposure_count,cdmDatatype,0,integer,,,
DRUG_ERA,gap_days,cdmDatatype,0,integer,,,
DRUG_ERA,person_id,cdmDatatype,0,integer,,,
DRUG_EXPOSURE,days_supply,cdmDatatype,0,integer,,,
DRUG_EXPOSURE,dose_unit_source_value,cdmDatatype,0,varchar(50),,,
DRUG_EXPOSURE,drug_concept_id,cdmDatatype,0,integer,,,
DRUG_EXPOSURE,drug_exposure_end_date,cdmDatatype,0,date,,,
DRUG_EXPOSURE,drug_exposure_end_datetime,cdmDatatype,0,datetime,,,
DRUG_EXPOSURE,drug_exposure_id,cdmDatatype,0,integer,,,
DRUG_EXPOSURE,drug_exposure_start_date,cdmDatatype,0,date,,,
DRUG_EXPOSURE,drug_exposure_start_datetime,cdmDatatype,0,datetime,,,
DRUG_EXPOSURE,drug_source_concept_id,cdmDatatype,0,integer,,,
DRUG_EXPOSURE,drug_source_value,cdmDatatype,0,varchar(50),,,
DRUG_EXPOSURE,drug_type_concept_id,cdmDatatype,0,integer,,,
DRUG_EXPOSURE,lot_number,cdmDatatype,0,varchar(50),,,
DRUG_EXPOSURE,person_id,cdmDatatype,0,integer,,,
DRUG_EXPOSURE,provider_id,cdmDatatype,0,integer,,,
DRUG_EXPOSURE,quantity,cdmDatatype,0,float,,,
DRUG_EXPOSURE,refills,cdmDatatype,0,integer,,,
DRUG_EXPOSURE,route_concept_id,cdmDatatype,0,integer,,,
DRUG_EXPOSURE,route_source_value,cdmDatatype,0,varchar(50),,,
DRUG_EXPOSURE,sig,cdmDatatype,0,varchar(MAX),,,
DRUG_EXPOSURE,stop_reason,cdmDatatype,0,varchar(20),,,
DRUG_EXPOSURE,verbatim_end_date,cdmDatatype,0,date,,,
DRUG_EXPOSURE,visit_detail_id,cdmDatatype,0,integer,,,
DRUG_EXPOSURE,visit_occurrence_id,cdmDatatype,0,integer,,,
DRUG_STRENGTH,amount_unit_concept_id,cdmDatatype,0,integer,,,
DRUG_STRENGTH,amount_value,cdmDatatype,0,float,,,
DRUG_STRENGTH,box_size,cdmDatatype,0,integer,,,
DRUG_STRENGTH,denominator_unit_concept_id,cdmDatatype,0,integer,,,
DRUG_STRENGTH,denominator_value,cdmDatatype,0,float,,,
DRUG_STRENGTH,drug_concept_id,cdmDatatype,0,integer,,,
DRUG_STRENGTH,ingredient_concept_id,cdmDatatype,0,integer,,,
DRUG_STRENGTH,invalid_reason,cdmDatatype,0,varchar(1),,,
DRUG_STRENGTH,numerator_unit_concept_id,cdmDatatype,0,integer,,,
DRUG_STRENGTH,numerator_value,cdmDatatype,0,float,,,
DRUG_STRENGTH,valid_end_date,cdmDatatype,0,date,,,
DRUG_STRENGTH,valid_start_date,cdmDatatype,0,date,,,
EPISODE,episode_concept_id,cdmDatatype,0,integer,,,
EPISODE,episode_end_date,cdmDatatype,0,date,,,
EPISODE,episode_end_datetime,cdmDatatype,0,datetime,,,
EPISODE,episode_id,cdmDatatype,0,bigint,,,
EPISODE,episode_number,cdmDatatype,0,integer,,,
EPISODE,episode_object_concept_id,cdmDatatype,0,integer,,,
EPISODE,episode_parent_id,cdmDatatype,0,bigint,,,
EPISODE,episode_source_concept_id,cdmDatatype,0,integer,,,
EPISODE,episode_source_value,cdmDatatype,0,varchar(50),,,
EPISODE,episode_start_date,cdmDatatype,0,date,,,
EPISODE,episode_start_datetime,cdmDatatype,0,datetime,,,
EPISODE,episode_type_concept_id,cdmDatatype,0,integer,,,
EPISODE,person_id,cdmDatatype,0,bigint,,,
EPISODE_EVENT,episode_event_field_concept_id,cdmDatatype,0,integer,,,
EPISODE_EVENT,episode_id,cdmDatatype,0,bigint,,,
EPISODE_EVENT,event_id,cdmDatatype,0,bigint,,,
FACT_RELATIONSHIP,domain_concept_id_1,cdmDatatype,0,integer,,,
FACT_RELATIONSHIP,domain_concept_id_2,cdmDatatype,0,integer,,,
FACT_RELATIONSHIP,fact_id_1,cdmDatatype,0,integer,,,
FACT_RELATIONSHIP,fact_id_2,cdmDatatype,0,integer,,,
FACT_RELATIONSHIP,relationship_concept_id,cdmDatatype,0,integer,,,
LOCATION,address_1,cdmDatatype,0,varchar(50),,,
LOCATION,address_2,cdmDatatype,0,varchar(50),,,
LOCATION,city,cdmDatatype,0,varchar(50),,,
LOCATION,country_concept_id,cdmDatatype,0,integer,,,
LOCATION,country_source_value,cdmDatatype,0,varchar(80),,,
LOCATION,county,cdmDatatype,0,varchar(20),,,
LOCATION,latitude,cdmDatatype,0,float,,,
LOCATION,location_id,cdmDatatype,0,integer,,,
LOCATION,location_source_value,cdmDatatype,0,varchar(50),,,
LOCATION,longitude,cdmDatatype,0,float,,,
LOCATION,state,cdmDatatype,0,varchar(2),,,
LOCATION,zip,cdmDatatype,0,varchar(9),,,
MEASUREMENT,meas_event_field_concept_id,cdmDatatype,0,integer,,,
MEASUREMENT,measurement_concept_id,cdmDatatype,0,integer,,,
MEASUREMENT,measurement_date,cdmDatatype,0,date,,,
MEASUREMENT,measurement_datetime,cdmDatatype,0,datetime,,,
MEASUREMENT,measurement_event_id,cdmDatatype,0,bigint,,,
MEASUREMENT,measurement_id,cdmDatatype,0,integer,,,
MEASUREMENT,measurement_source_concept_id,cdmDatatype,0,integer,,,
MEASUREMENT,measurement_source_value,cdmDatatype,0,varchar(50),,,
MEASUREMENT,measurement_time,cdmDatatype,0,varchar(10),,,
MEASUREMENT,measurement_type_concept_id,cdmDatatype,0,integer,,,
MEASUREMENT,operator_concept_id,cdmDatatype,0,integer,,,
MEASUREMENT,person_id,cdmDatatype,0,integer,,,
MEASUREMENT,provider_id,cdmDatatype,0,integer,,,
MEASUREMENT,range_high,cdmDatatype,0,float,,,
MEASUREMENT,range_low,cdmDatatype,0,float,,,
MEASUREMENT,unit_concept_id,cdmDatatype,0,integer,,,
MEASUREMENT,unit_source_concept_id,cdmDatatype,0,integer,,,
MEASUREMENT,unit_source_value,cdmDatatype,0,varchar(50),,,
MEASUREMENT,value_as_concept_id,cdmDatatype,0,integer,,,
MEASUREMENT,value_as_number,cdmDatatype,0,float,,,
MEASUREMENT,value_source_value,cdmDatatype,0,varchar(50),,,
MEASUREMENT,visit_detail_id,cdmDatatype,0,integer,,,
MEASUREMENT,visit_occurrence_id,cdmDatatype,0,integer,,,
METADATA,metadata_concept_id,cdmDatatype,0,integer,,,
METADATA,metadata_date,cdmDatatype,0,date,,,
METADATA,metadata_datetime,cdmDatatype,0,datetime,,,
METADATA,metadata_id,cdmDatatype,0,integer,,,
METADATA,metadata_type_concept_id,cdmDatatype,0,integer,,,
METADATA,name,cdmDatatype,0,varchar(250),,,
METADATA,value_as_concept_id,cdmDatatype,0,integer,,,
METADATA,value_as_number,cdmDatatype,0,float,,,
METADATA,value_as_string,cdmDatatype,0,varchar(250),,,
NOTE,encoding_concept_id,cdmDatatype,0,integer,,,
NOTE,language_concept_id,cdmDatatype,0,integer,,,
NOTE,note_class_concept_id,cdmDatatype,0,integer,,,
NOTE,note_date,cdmDatatype,0,date,,,
NOTE,note_datetime,cdmDatatype,0,datetime,,,
NOTE,note_event_field_concept_id,cdmDatatype,0,integer,,,
NOTE,note_event_id,cdmDatatype,0,bigint,,,
NOTE,note_id,cdmDatatype,0,integer,,,
NOTE,note_source_value,cdmDatatype,0,varchar(50),,,
NOTE,note_text,cdmDatatype,0,varchar(MAX),,,
NOTE,note_title,cdmDatatype,0,varchar(250),,,
NOTE,note_type_concept_id,cdmDatatype,0,integer,,,
NOTE,person_id,cdmDatatype,0,integer,,,
NOTE,provider_id,cdmDatatype,0,integer,,,
NOTE,visit_detail_id,cdmDatatype,0,integer,,,
NOTE,visit_occurrence_id,cdmDatatype,0,integer,,,
NOTE_NLP,lexical_variant,cdmDatatype,0,varchar(250),,,
NOTE_NLP,nlp_date,cdmDatatype,0,date,,,
NOTE_NLP,nlp_datetime,cdmDatatype,0,datetime,,,
NOTE_NLP,nlp_system,cdmDatatype,0,varchar(250),,,
NOTE_NLP,note_id,cdmDatatype,0,integer,,,
NOTE_NLP,note_nlp_concept_id,cdmDatatype,0,integer,,,
NOTE_NLP,note_nlp_id,cdmDatatype,0,integer,,,
NOTE_NLP,note_nlp_source_concept_id,cdmDatatype,0,integer,,,
NOTE_NLP,offset,cdmDatatype,0,varchar(50),,,
NOTE_NLP,section_concept_id,cdmDatatype,0,integer,,,
NOTE_NLP,snippet,cdmDatatype,0,varchar(250),,,
NOTE_NLP,term_exists,cdmDatatype,0,varchar(1),,,
NOTE_NLP,term_modifiers,cdmDatatype,0,varchar(2000),,,
NOTE_NLP,term_temporal,cdmDatatype,0,varchar(50),,,
OBSERVATION,obs_event_field_concept_id,cdmDatatype,0,integer,,,
OBSERVATION,observation_concept_id,cdmDatatype,0,integer,,,
OBSERVATION,observation_date,cdmDatatype,0,date,,,
OBSERVATION,observation_datetime,cdmDatatype,0,datetime,,,
OBSERVATION,observation_event_id,cdmDatatype,0,bigint,,,
OBSERVATION,observation_id,cdmDatatype,0,integer,,,
OBSERVATION,observation_source_concept_id,cdmDatatype,0,integer,,,
OBSERVATION,observation_source_value,cdmDatatype,0,varchar(50),,,
OBSERVATION,observation_type_concept_id,cdmDatatype,0,integer,,,
OBSERVATION,person_id,cdmDatatype,0,integer,,,
OBSERVATION,provider_id,cdmDatatype,0,integer,,,
OBSERVATION,qualifier_concept_id,cdmDatatype,0,integer,,,
OBSERVATION,qualifier_source_value,cdmDatatype,0,varchar(50),,,
OBSERVATION,unit_concept_id,cdmDatatype,0,integer,,,
OBSERVATION,unit_source_value,cdmDatatype,0,varchar(50),,,
OBSERVATION,value_as_concept_id,cdmDatatype,0,Integer,,,
OBSERVATION,value_as_number,cdmDatatype,0,float,,,
OBSERVATION,value_as_string,cdmDatatype,0,varchar(60),,,
OBSERVATION,value_source_value,cdmDatatype,0,varchar(50),,,
OBSERVATION,visit_detail_id,cdmDatatype,0,integer,,,
OBSERVATION,visit_occurrence_id,cdmDatatype,0,integer,,,
OBSERVATION_PERIOD,observation_period_end_date,cdmDatatype,0,date,,,
OBSERVATION_PERIOD,observation_period_id,cdmDatatype,0,integer,,,
OBSERVATION_PERIOD,observation_period_start_date,cdmDatatype,0,date,,,
OBSERVATION_PERIOD,period_type_concept_id,cdmDatatype,0,integer,,,
OBSERVATION_PERIOD,person_id,cdmDatatype,0,integer,,,
PAYER_PLAN_PERIOD,family_source_value,cdmDatatype,0,varchar(50),,,
PAYER_PLAN_PERIOD,payer_concept_id,cdmDatatype,0,integer,,,
PAYER_PLAN_PERIOD,payer_plan_period_end_date,cdmDatatype,0,date,,,
PAYER_PLAN_PERIOD,payer_plan_period_id,cdmDatatype,0,integer,,,
PAYER_PLAN_PERIOD,payer_plan_period_start_date,cdmDatatype,0,date,,,
PAYER_PLAN_PERIOD,payer_source_concept_id,cdmDatatype,0,integer,,,
PAYER_PLAN_PERIOD,payer_source_value,cdmDatatype,0,varchar(50),,,
PAYER_PLAN_PERIOD,person_id,cdmDatatype,0,integer,,,
PAYER_PLAN_PERIOD,plan_concept_id,cdmDatatype,0,integer,,,
PAYER_PLAN_PERIOD,plan_source_concept_id,cdmDatatype,0,integer,,,
PAYER_PLAN_PERIOD,plan_source_value,cdmDatatype,0,varchar(50),,,
PAYER_PLAN_PERIOD,sponsor_concept_id,cdmDatatype,0,integer,,,
PAYER_PLAN_PERIOD,sponsor_source_concept_id,cdmDatatype,0,integer,,,
PAYER_PLAN_PERIOD,sponsor_source_value,cdmDatatype,0,varchar(50),,,
PAYER_PLAN_PERIOD,stop_reason_concept_id,cdmDatatype,0,integer,,,
PAYER_PLAN_PERIOD,stop_reason_source_concept_id,cdmDatatype,0,integer,,,
PAYER_PLAN_PERIOD,stop_reason_source_value,cdmDatatype,0,varchar(50),,,
PERSON,birth_datetime,cdmDatatype,0,datetime,,,
PERSON,care_site_id,cdmDatatype,0,integer,,,
PERSON,day_of_birth,cdmDatatype,0,integer,,,
PERSON,ethnicity_concept_id,cdmDatatype,0,integer,,,
PERSON,ethnicity_source_concept_id,cdmDatatype,0,integer,,,
PERSON,ethnicity_source_value,cdmDatatype,0,varchar(50),,,
PERSON,gender_concept_id,cdmDatatype,0,integer,,,
PERSON,gender_source_concept_id,cdmDatatype,0,integer,,,
PERSON,gender_source_value,cdmDatatype,0,varchar(50),,,
PERSON,location_id,cdmDatatype,0,integer,,,
PERSON,month_of_birth,cdmDatatype,0,integer,,,
PERSON,person_id,cdmDatatype,0,integer,,,
PERSON,person_source_value,cdmDatatype,0,varchar(50),,,
PERSON,provider_id,cdmDatatype,0,integer,,,
PERSON,race_concept_id,cdmDatatype,0,integer,,,
PERSON,race_source_concept_id,cdmDatatype,0,integer,,,
PERSON,race_source_value,cdmDatatype,0,varchar(50),,,
PERSON,year_of_birth,cdmDatatype,0,integer,,,
PROCEDURE_OCCURRENCE,modifier_concept_id,cdmDatatype,0,integer,,,
PROCEDURE_OCCURRENCE,modifier_source_value,cdmDatatype,0,varchar(50),,,
PROCEDURE_OCCURRENCE,person_id,cdmDatatype,0,integer,,,
PROCEDURE_OCCURRENCE,procedure_concept_id,cdmDatatype,0,integer,,,
PROCEDURE_OCCURRENCE,procedure_date,cdmDatatype,0,date,,,
PROCEDURE_OCCURRENCE,procedure_datetime,cdmDatatype,0,datetime,,,
PROCEDURE_OCCURRENCE,procedure_end_date,cdmDatatype,0,date,,,
PROCEDURE_OCCURRENCE,procedure_end_datetime,cdmDatatype,0,datetime,,,
PROCEDURE_OCCURRENCE,procedure_occurrence_id,cdmDatatype,0,integer,,,
PROCEDURE_OCCURRENCE,procedure_source_concept_id,cdmDatatype,0,integer,,,
PROCEDURE_OCCURRENCE,procedure_source_value,cdmDatatype,0,varchar(50),,,
PROCEDURE_OCCURRENCE,procedure_type_concept_id,cdmDatatype,0,integer,,,
PROCEDURE_OCCURRENCE,provider_id,cdmDatatype,0,integer,,,
PROCEDURE_OCCURRENCE,quantity,cdmDatatype,0,integer,,,
PROCEDURE_OCCURRENCE,visit_detail_id,cdmDatatype,0,integer,,,
PROCEDURE_OCCURRENCE,visit_occurrence_id,cdmDatatype,0,integer,,,
PROVIDER,care_site_id,cdmDatatype,0,integer,,,
PROVIDER,dea,cdmDatatype,0,varchar(20),,,
PROVIDER,gender_concept_id,cdmDatatype,0,integer,,,
PROVIDER,gender_source_concept_id,cdmDatatype,0,integer,,,
PROVIDER,gender_source_value,cdmDatatype,0,varchar(50),,,
PROVIDER,npi,cdmDatatype,0,varchar(20),,,
PROVIDER,provider_id,cdmDatatype,0,integer,,,
PROVIDER,provider_name,cdmDatatype,0,varchar(255),,,
PROVIDER,provider_source_value,cdmDatatype,0,varchar(50),,,
PROVIDER,specialty_concept_id,cdmDatatype,0,integer,,,
PROVIDER,specialty_source_concept_id,cdmDatatype,0,integer,,,
PROVIDER,specialty_source_value,cdmDatatype,0,varchar(50),,,
PROVIDER,year_of_birth,cdmDatatype,0,integer,,,
RELATIONSHIP,defines_ancestry,cdmDatatype,0,varchar(1),,,
RELATIONSHIP,is_hierarchical,cdmDatatype,0,varchar(1),,,
RELATIONSHIP,relationship_concept_id,cdmDatatype,0,integer,,,
RELATIONSHIP,relationship_id,cdmDatatype,0,varchar(20),,,
RELATIONSHIP,relationship_name,cdmDatatype,0,varchar(255),,,
RELATIONSHIP,reverse_relationship_id,cdmDatatype,0,varchar(20),,,
SOURCE_TO_CONCEPT_MAP,invalid_reason,cdmDatatype,0,varchar(1),,,
SOURCE_TO_CONCEPT_MAP,source_code,cdmDatatype,0,varchar(50),,,
SOURCE_TO_CONCEPT_MAP,source_code_description,cdmDatatype,0,varchar(255),,,
SOURCE_TO_CONCEPT_MAP,source_concept_id,cdmDatatype,0,integer,,,
SOURCE_TO_CONCEPT_MAP,source_vocabulary_id,cdmDatatype,0,varchar(20),,,
SOURCE_TO_CONCEPT_MAP,target_concept_id,cdmDatatype,0,integer,,,
SOURCE_TO_CONCEPT_MAP,target_vocabulary_id,cdmDatatype,0,varchar(20),,,
SOURCE_TO_CONCEPT_MAP,valid_end_date,cdmDatatype,0,date,,,
SOURCE_TO_CONCEPT_MAP,valid_start_date,cdmDatatype,0,date,,,
SPECIMEN,anatomic_site_concept_id,cdmDatatype,0,integer,,,
SPECIMEN,anatomic_site_source_value,cdmDatatype,0,varchar(50),,,
SPECIMEN,disease_status_concept_id,cdmDatatype,0,integer,,,
SPECIMEN,disease_status_source_value,cdmDatatype,0,varchar(50),,,
SPECIMEN,person_id,cdmDatatype,0,integer,,,
SPECIMEN,quantity,cdmDatatype,0,float,,,
SPECIMEN,specimen_concept_id,cdmDatatype,0,integer,,,
SPECIMEN,specimen_date,cdmDatatype,0,date,,,
SPECIMEN,specimen_datetime,cdmDatatype,0,datetime,,,
SPECIMEN,specimen_id,cdmDatatype,0,integer,,,
SPECIMEN,specimen_source_id,cdmDatatype,0,varchar(50),,,
SPECIMEN,specimen_source_value,cdmDatatype,0,varchar(50),,,
SPECIMEN,specimen_type_concept_id,cdmDatatype,0,integer,,,
SPECIMEN,unit_concept_id,cdmDatatype,0,integer,,,
SPECIMEN,unit_source_value,cdmDatatype,0,varchar(50),,,
VISIT_DETAIL,admitted_from_concept_id,cdmDatatype,0,Integer,,,
VISIT_DETAIL,admitted_from_source_value,cdmDatatype,0,varchar(50),,,
VISIT_DETAIL,care_site_id,cdmDatatype,0,integer,,,
VISIT_DETAIL,discharged_to_concept_id,cdmDatatype,0,integer,,,
VISIT_DETAIL,discharged_to_source_value,cdmDatatype,0,varchar(50),,,
VISIT_DETAIL,parent_visit_detail_id,cdmDatatype,0,integer,,,
VISIT_DETAIL,person_id,cdmDatatype,0,integer,,,
VISIT_DETAIL,preceding_visit_detail_id,cdmDatatype,0,integer,,,
VISIT_DETAIL,provider_id,cdmDatatype,0,integer,,,
VISIT_DETAIL,visit_detail_concept_id,cdmDatatype,0,integer,,,
VISIT_DETAIL,visit_detail_end_date,cdmDatatype,0,date,,,
VISIT_DETAIL,visit_detail_end_datetime,cdmDatatype,0,datetime,,,
VISIT_DETAIL,visit_detail_id,cdmDatatype,0,integer,,,
VISIT_DETAIL,visit_detail_source_concept_id,cdmDatatype,0,Integer,,,
VISIT_DETAIL,visit_detail_source_value,cdmDatatype,0,varchar(50),,,
VISIT_DETAIL,visit_detail_start_date,cdmDatatype,0,date,,,
VISIT_DETAIL,visit_detail_start_datetime,cdmDatatype,0,datetime,,,
VISIT_DETAIL,visit_detail_type_concept_id,cdmDatatype,0,integer,,,
VISIT_DETAIL,visit_occurrence_id,cdmDatatype,0,integer,,,
VISIT_OCCURRENCE,admitted_from_concept_id,cdmDatatype,0,integer,,,
VISIT_OCCURRENCE,admitted_from_source_value,cdmDatatype,0,varchar(50),,,
VISIT_OCCURRENCE,care_site_id,cdmDatatype,0,integer,,,
VISIT_OCCURRENCE,discharged_to_concept_id,cdmDatatype,0,integer,,,
VISIT_OCCURRENCE,discharged_to_source_value,cdmDatatype,0,varchar(50),,,
VISIT_OCCURRENCE,person_id,cdmDatatype,0,integer,,,
VISIT_OCCURRENCE,preceding_visit_occurrence_id,cdmDatatype,0,integer,,,
VISIT_OCCURRENCE,provider_id,cdmDatatype,0,integer,,,
VISIT_OCCURRENCE,visit_concept_id,cdmDatatype,0,integer,,,
VISIT_OCCURRENCE,visit_end_date,cdmDatatype,0,date,,,
VISIT_OCCURRENCE,visit_end_datetime,cdmDatatype,0,datetime,,,
VISIT_OCCURRENCE,visit_occurrence_id,cdmDatatype,0,integer,,,
VISIT_OCCURRENCE,visit_source_concept_id,cdmDatatype,0,integer,,,
VISIT_OCCURRENCE,visit_source_value,cdmDatatype,0,varchar(50),,,
VISIT_OCCURRENCE,visit_start_date,cdmDatatype,0,date,,,
VISIT_OCCURRENCE,visit_start_datetime,cdmDatatype,0,datetime,,,
VISIT_OCCURRENCE,visit_type_concept_id,cdmDatatype,0,Integer,,,
VOCABULARY,vocabulary_concept_id,cdmDatatype,0,integer,,,
VOCABULARY,vocabulary_id,cdmDatatype,0,varchar(20),,,
VOCABULARY,vocabulary_name,cdmDatatype,0,varchar(255),,,
VOCABULARY,vocabulary_reference,cdmDatatype,0,varchar(255),,,
VOCABULARY,vocabulary_version,cdmDatatype,0,varchar(255),,,
CARE_SITE,care_site_id,isPrimaryKey,0,,,,
CONCEPT,concept_id,isPrimaryKey,0,,,,
CONCEPT_CLASS,concept_class_id,isPrimaryKey,0,,,,
CONDITION_ERA,condition_era_id,isPrimaryKey,0,,,,
CONDITION_OCCURRENCE,condition_occurrence_id,isPrimaryKey,0,,,,
COST,cost_id,isPrimaryKey,0,,,,
DEVICE_EXPOSURE,device_exposure_id,isPrimaryKey,0,,,,
DOMAIN,domain_id,isPrimaryKey,0,,,,
DOSE_ERA,dose_era_id,isPrimaryKey,0,,,,
DRUG_ERA,drug_era_id,isPrimaryKey,0,,,,
DRUG_EXPOSURE,drug_exposure_id,isPrimaryKey,0,,,,
EPISODE,episode_id,isPrimaryKey,0,,,,
LOCATION,location_id,isPrimaryKey,0,,,,
MEASUREMENT,measurement_id,isPrimaryKey,0,,,,
METADATA,metadata_id,isPrimaryKey,0,,,,
NOTE,note_id,isPrimaryKey,0,,,,
NOTE_NLP,note_nlp_id,isPrimaryKey,0,,,,
OBSERVATION,observation_id,isPrimaryKey,0,,,,
OBSERVATION_PERIOD,observation_period_id,isPrimaryKey,0,,,,
PAYER_PLAN_PERIOD,payer_plan_period_id,isPrimaryKey,0,,,,
PERSON,person_id,isPrimaryKey,0,,,,
PROCEDURE_OCCURRENCE,procedure_occurrence_id,isPrimaryKey,0,,,,
PROVIDER,provider_id,isPrimaryKey,0,,,,
RELATIONSHIP,relationship_id,isPrimaryKey,0,,,,
SPECIMEN,specimen_id,isPrimaryKey,0,,,,
VISIT_DETAIL,visit_detail_id,isPrimaryKey,0,,,,
VISIT_OCCURRENCE,visit_occurrence_id,isPrimaryKey,0,,,,
VOCABULARY,vocabulary_id,isPrimaryKey,0,,,,
CARE_SITE,location_id,isForeignKey,0,,LOCATION,LOCATION_ID,
CARE_SITE,place_of_service_concept_id,isForeignKey,0,,CONCEPT,CONCEPT_ID,
CDM_SOURCE,cdm_version_concept_id,isForeignKey,0,,CONCEPT,CONCEPT_ID,
COHORT_DEFINITION,cohort_definition_id,isForeignKey,0,,COHORT,COHORT_DEFINITION_ID,
COHORT_DEFINITION,definition_type_concept_id,isForeignKey,0,,CONCEPT,CONCEPT_ID,
COHORT_DEFINITION,subject_concept_id,isForeignKey,0,,CONCEPT,CONCEPT_ID,
CONCEPT,concept_class_id,isForeignKey,0,,CONCEPT_CLASS,CONCEPT_CLASS_ID,
CONCEPT,domain_id,isForeignKey,0,,DOMAIN,DOMAIN_ID,
CONCEPT,vocabulary_id,isForeignKey,0,,VOCABULARY,VOCABULARY_ID,
CONCEPT_ANCESTOR,ancestor_concept_id,isForeignKey,0,,CONCEPT,CONCEPT_ID,
CONCEPT_ANCESTOR,descendant_concept_id,isForeignKey,0,,CONCEPT,CONCEPT_ID,
CONCEPT_CLASS,concept_class_concept_id,isForeignKey,0,,CONCEPT,CONCEPT_ID,
CONCEPT_RELATIONSHIP,concept_id_1,isForeignKey,0,,CONCEPT,CONCEPT_ID,
CONCEPT_RELATIONSHIP,concept_id_2,isForeignKey,0,,CONCEPT,CONCEPT_ID,
CONCEPT_RELATIONSHIP,relationship_id,isForeignKey,0,,RELATIONSHIP,RELATIONSHIP_ID,
CONCEPT_SYNONYM,concept_id,isForeignKey,0,,CONCEPT,CONCEPT_ID,
CONCEPT_SYNONYM,language_concept_id,isForeignKey,0,,CONCEPT,CONCEPT_ID,
CONDITION_ERA,condition_concept_id,isForeignKey,0,,CONCEPT,CONCEPT_ID,
CONDITION_ERA,person_id,isForeignKey,0,,PERSON,PERSON_ID,
CONDITION_OCCURRENCE,condition_concept_id,isForeignKey,0,,CONCEPT,CONCEPT_ID,
CONDITION_OCCURRENCE,condition_source_concept_id,isForeignKey,0,,CONCEPT,CONCEPT_ID,
CONDITION_OCCURRENCE,condition_status_concept_id,isForeignKey,0,,CONCEPT,CONCEPT_ID,
CONDITION_OCCURRENCE,condition_type_concept_id,isForeignKey,0,,CONCEPT,CONCEPT_ID,
CONDITION_OCCURRENCE,person_id,isForeignKey,0,,PERSON,PERSON_ID,
CONDITION_OCCURRENCE,provider_id,isForeignKey,0,,PROVIDER,PROVIDER_ID,
CONDITION_OCCURRENCE,visit_detail_id,isForeignKey,0,,VISIT_DETAIL,VISIT_DETAIL_ID,
CONDITION_OCCURRENCE,visit_occurrence_id,isForeignKey,0,,VISIT_OCCURRENCE,VISIT_OCCURRENCE_ID,
COST,cost_domain_id,isForeignKey,0,,DOMAIN,DOMAIN_ID,
COST,cost_type_concept_id,isForeignKey,0,,CONCEPT,CONCEPT_ID,
COST,currency_concept_id,isForeignKey,0,,CONCEPT,CONCEPT_ID,
COST,drg_concept_id,isForeignKey,0,,CONCEPT,CONCEPT_ID,
COST,revenue_code_concept_id,isForeignKey,0,,CONCEPT,CONCEPT_ID,
DEATH,cause_concept_id,isForeignKey,0,,CONCEPT,CONCEPT_ID,
DEATH,cause_source_concept_id,isForeignKey,0,,CONCEPT,CONCEPT_ID,
DEATH,death_type_concept_id,isForeignKey,0,,CONCEPT,CONCEPT_ID,
DEATH,person_id,isForeignKey,0,,PERSON,PERSON_ID,
DEVICE_EXPOSURE,device_concept_id,isForeignKey,0,,CONCEPT,CONCEPT_ID,
DEVICE_EXPOSURE,device_source_concept_id,isForeignKey,0,,CONCEPT,CONCEPT_ID,
DEVICE_EXPOSURE,device_type_concept_id,isForeignKey,0,,CONCEPT,CONCEPT_ID,
DEVICE_EXPOSURE,person_id,isForeignKey,0,,PERSON,PERSON_ID,
DEVICE_EXPOSURE,provider_id,isForeignKey,0,,PROVIDER,PROVIDER_ID,
DEVICE_EXPOSURE,unit_concept_id,isForeignKey,0,,CONCEPT,CONCEPT_ID,
DEVICE_EXPOSURE,unit_source_concept_id,isForeignKey,0,,CONCEPT,CONCEPT_ID,
DEVICE_EXPOSURE,visit_detail_id,isForeignKey,0,,VISIT_DETAIL,VISIT_DETAIL_ID,
DEVICE_EXPOSURE,visit_occurrence_id,isForeignKey,0,,VISIT_OCCURRENCE,VISIT_OCCURRENCE_ID,
DOMAIN,domain_concept_id,isForeignKey,0,,CONCEPT,CONCEPT_ID,
DOSE_ERA,drug_concept_id,isForeignKey,0,,CONCEPT,CONCEPT_ID,
DOSE_ERA,person_id,isForeignKey,0,,PERSON,PERSON_ID,
DOSE_ERA,unit_concept_id,isForeignKey,0,,CONCEPT,CONCEPT_ID,
DRUG_ERA,drug_concept_id,isForeignKey,0,,CONCEPT,CONCEPT_ID,
DRUG_ERA,person_id,isForeignKey,0,,PERSON,PERSON_ID,
DRUG_EXPOSURE,drug_concept_id,isForeignKey,0,,CONCEPT,CONCEPT_ID,
DRUG_EXPOSURE,drug_source_concept_id,isForeignKey,0,,CONCEPT,CONCEPT_ID,
DRUG_EXPOSURE,drug_type_concept_id,isForeignKey,0,,CONCEPT,CONCEPT_ID,
DRUG_EXPOSURE,person_id,isForeignKey,0,,PERSON,PERSON_ID,
DRUG_EXPOSURE,provider_id,isForeignKey,0,,PROVIDER,PROVIDER_ID,
DRUG_EXPOSURE,route_concept_id,isForeignKey,0,,CONCEPT,CONCEPT_ID,
DRUG_EXPOSURE,visit_detail_id,isForeignKey,0,,VISIT_DETAIL,VISIT_DETAIL_ID,
DRUG_EXPOSURE,visit_occurrence_id,isForeignKey,0,,VISIT_OCCURRENCE,VISIT_OCCURRENCE_ID,
DRUG_STRENGTH,amount_unit_concept_id,isForeignKey,0,,CONCEPT,CONCEPT_ID,
DRUG_STRENGTH,denominator_unit_concept_id,isForeignKey,0,,CONCEPT,CONCEPT_ID,
DRUG_STRENGTH,drug_concept_id,isForeignKey,0,,CONCEPT,CONCEPT_ID,
DRUG_STRENGTH,ingredient_concept_id,isForeignKey,0,,CONCEPT,CONCEPT_ID,
DRUG_STRENGTH,numerator_unit_concept_id,isForeignKey,0,,CONCEPT,CONCEPT_ID,
EPISODE,episode_concept_id,isForeignKey,0,,CONCEPT,CONCEPT_ID,
EPISODE,episode_object_concept_id,isForeignKey,0,,CONCEPT,CONCEPT_ID,
EPISODE,episode_source_concept_id,isForeignKey,0,,CONCEPT,CONCEPT_ID,
EPISODE,episode_type_concept_id,isForeignKey,0,,CONCEPT,CONCEPT_ID,
EPISODE,person_id,isForeignKey,0,,PERSON,PERSON_ID,
EPISODE_EVENT,episode_event_field_concept_id,isForeignKey,0,,CONCEPT,CONCEPT_ID,
EPISODE_EVENT,episode_id,isForeignKey,0,,EPISODE,EPISODE_ID,
FACT_RELATIONSHIP,domain_concept_id_1,isForeignKey,0,,CONCEPT,CONCEPT_ID,
FACT_RELATIONSHIP,domain_concept_id_2,isForeignKey,0,,CONCEPT,CONCEPT_ID,
FACT_RELATIONSHIP,relationship_concept_id,isForeignKey,0,,CONCEPT,CONCEPT_ID,
LOCATION,country_concept_id,isForeignKey,0,,CONCEPT,CONCEPT_ID,
MEASUREMENT,meas_event_field_concept_id,isForeignKey,0,,CONCEPT,CONCEPT_ID,
MEASUREMENT,measurement_concept_id,isForeignKey,0,,CONCEPT,CONCEPT_ID,
MEASUREMENT,measurement_source_concept_id,isForeignKey,0,,CONCEPT,CONCEPT_ID,
MEASUREMENT,measurement_type_concept_id,isForeignKey,0,,CONCEPT,CONCEPT_ID,
MEASUREMENT,operator_concept_id,isForeignKey,0,,CONCEPT,CONCEPT_ID,
MEASUREMENT,person_id,isForeignKey,0,,PERSON,PERSON_ID,
MEASUREMENT,provider_id,isForeignKey,0,,PROVIDER,PROVIDER_ID,
MEASUREMENT,unit_concept_id,isForeignKey,0,,CONCEPT,CONCEPT_ID,
MEASUREMENT,unit_source_concept_id,isForeignKey,0,,CONCEPT,CONCEPT_ID,
MEASUREMENT,value_as_concept_id,isForeignKey,0,,CONCEPT,CONCEPT_ID,
MEASUREMENT,visit_detail_id,isForeignKey,0,,VISIT_DETAIL,VISIT_DETAIL_ID,
MEASUREMENT,visit_occurrence_id,isForeignKey,0,,VISIT_OCCURRENCE,VISIT_OCCURRENCE_ID,
METADATA,metadata_concept_id,isForeignKey,0,,CONCEPT,CONCEPT_ID,
METADATA,metadata_type_concept_id,isForeignKey,0,,CONCEPT,CONCEPT_ID,
METADATA,value_as_concept_id,isForeignKey,0,,CONCEPT,CONCEPT_ID,
NOTE,encoding_concept_id,isForeignKey,0,,CONCEPT,CONCEPT_ID,
NOTE,language_concept_id,isForeignKey,0,,CONCEPT,CONCEPT_ID,
NOTE,note_class_concept_id,isForeignKey,0,,CONCEPT,CONCEPT_ID,
NOTE,note_event_field_concept_id,isForeignKey,0,,CONCEPT,CONCEPT_ID,
NOTE,note_type_concept_id,isForeignKey,0,,CONCEPT,CONCEPT_ID,
NOTE,person_id,isForeignKey,0,,PERSON,PERSON_ID,
NOTE,provider_id,isForeignKey,0,,PROVIDER,PROVIDER_ID,
NOTE,visit_detail_id,isForeignKey,0,,VISIT_DETAIL,VISIT_DETAIL_ID,
NOTE,visit_occurrence_id,isForeignKey,0,,VISIT_OCCURRENCE,VISIT_OCCURRENCE_ID,
NOTE_NLP,note_nlp_concept_id,isForeignKey,0,,CONCEPT,CONCEPT_ID,
NOTE_NLP,note_nlp_source_concept_id,isForeignKey,0,,CONCEPT,CONCEPT_ID,
NOTE_NLP,section_concept_id,isForeignKey,0,,CONCEPT,CONCEPT_ID,
OBSERVATION,obs_event_field_concept_id,isForeignKey,0,,CONCEPT,CONCEPT_ID,
OBSERVATION,observation_concept_id,isForeignKey,0,,CONCEPT,CONCEPT_ID,
OBSERVATION,observation_source_concept_id,isForeignKey,0,,CONCEPT,CONCEPT_ID,
OBSERVATION,observation_type_concept_id,isForeignKey,0,,CONCEPT,CONCEPT_ID,
OBSERVATION,person_id,isForeignKey,0,,PERSON,PERSON_ID,
OBSERVATION,provider_id,isForeignKey,0,,PROVIDER,PROVIDER_ID,
OBSERVATION,qualifier_concept_id,isForeignKey,0,,CONCEPT,CONCEPT_ID,
OBSERVATION,unit_concept_id,isForeignKey,0,,CONCEPT,CONCEPT_ID,
OBSERVATION,value_as_concept_id,isForeignKey,0,,CONCEPT,CONCEPT_ID,
OBSERVATION,visit_detail_id,isForeignKey,0,,VISIT_DETAIL,VISIT_DETAIL_ID,
OBSERVATION,visit_occurrence_id,isForeignKey,0,,VISIT_OCCURRENCE,VISIT_OCCURRENCE_ID,
OBSERVATION_PERIOD,period_type_concept_id,isForeignKey,0,,CONCEPT,CONCEPT_ID,
OBSERVATION_PERIOD,person_id,isForeignKey,0,,PERSON,PERSON_ID,
PAYER_PLAN_PERIOD,payer_concept_id,isForeignKey,0,,CONCEPT,CONCEPT_ID,
PAYER_PLAN_PERIOD,payer_source_concept_id,isForeignKey,0,,CONCEPT,CONCEPT_ID,
PAYER_PLAN_PERIOD,person_id,isForeignKey,0,,PERSON,PERSON_ID,
PAYER_PLAN_PERIOD,plan_concept_id,isForeignKey,0,,CONCEPT,CONCEPT_ID,
PAYER_PLAN_PERIOD,plan_source_concept_id,isForeignKey,0,,CONCEPT,CONCEPT_ID,
PAYER_PLAN_PERIOD,sponsor_concept_id,isForeignKey,0,,CONCEPT,CONCEPT_ID,
PAYER_PLAN_PERIOD,sponsor_source_concept_id,isForeignKey,0,,CONCEPT,CONCEPT_ID,
PAYER_PLAN_PERIOD,stop_reason_concept_id,isForeignKey,0,,CONCEPT,CONCEPT_ID,
PAYER_PLAN_PERIOD,stop_reason_source_concept_id,isForeignKey,0,,CONCEPT,CONCEPT_ID,
PERSON,care_site_id,isForeignKey,0,,CARE_SITE,CARE_SITE_ID,
PERSON,ethnicity_concept_id,isForeignKey,0,,CONCEPT,CONCEPT_ID,
PERSON,ethnicity_source_concept_id,isForeignKey,0,,CONCEPT,CONCEPT_ID,
PERSON,gender_concept_id,isForeignKey,0,,CONCEPT,CONCEPT_ID,
PERSON,gender_source_concept_id,isForeignKey,0,,CONCEPT,CONCEPT_ID,
PERSON,location_id,isForeignKey,0,,LOCATION,LOCATION_ID,
PERSON,provider_id,isForeignKey,0,,PROVIDER,PROVIDER_ID,
PERSON,race_concept_id,isForeignKey,0,,CONCEPT,CONCEPT_ID,
PERSON,race_source_concept_id,isForeignKey,0,,CONCEPT,CONCEPT_ID,
PROCEDURE_OCCURRENCE,modifier_concept_id,isForeignKey,0,,CONCEPT,CONCEPT_ID,
PROCEDURE_OCCURRENCE,person_id,isForeignKey,0,,PERSON,PERSON_ID,
PROCEDURE_OCCURRENCE,procedure_concept_id,isForeignKey,0,,CONCEPT,CONCEPT_ID,
PROCEDURE_OCCURRENCE,procedure_source_concept_id,isForeignKey,0,,CONCEPT,CONCEPT_ID,
PROCEDURE_OCCURRENCE,procedure_type_concept_id,isForeignKey,0,,CONCEPT,CONCEPT_ID,
PROCEDURE_OCCURRENCE,provider_id,isForeignKey,0,,PROVIDER,PROVIDER_ID,
PROCEDURE_OCCURRENCE,visit_detail_id,isForeignKey,0,,VISIT_DETAIL,VISIT_DETAIL_ID,
PROCEDURE_OCCURRENCE,visit_occurrence_id,isForeignKey,0,,VISIT_OCCURRENCE,VISIT_OCCURRENCE_ID,
PROVIDER,care_site_id,isForeignKey,0,,CARE_SITE,CARE_SITE_ID,
PROVIDER,gender_concept_id,isForeignKey,0,,CONCEPT,CONCEPT_ID,
PROVIDER,gender_source_concept_id,isForeignKey,0,,CONCEPT,CONCEPT_ID,
PROVIDER,specialty_concept_id,isForeignKey,0,,CONCEPT,CONCEPT_ID,
PROVIDER,specialty_source_concept_id,isForeignKey,0,,CONCEPT,CONCEPT_ID,
RELATIONSHIP,relationship_concept_id,isForeignKey,0,,CONCEPT,CONCEPT_ID,
SOURCE_TO_CONCEPT_MAP,source_concept_id,isForeignKey,0,,CONCEPT,CONCEPT_ID,
SOURCE_TO_CONCEPT_MAP,target_concept_id,isForeignKey,0,,CONCEPT,CONCEPT_ID,
SOURCE_TO_CONCEPT_MAP,target_vocabulary_id,isForeignKey,0,,VOCABULARY,VOCABULARY_ID,
SPECIMEN,anatomic_site_concept_id,isForeignKey,0,,CONCEPT,CONCEPT_ID,
SPECIMEN,disease_status_concept_id,isForeignKey,0,,CONCEPT,CONCEPT_ID,
SPECIMEN,person_id,isForeignKey,0,,PERSON,PERSON_ID,
SPECIMEN,specimen_concept_id,isForeignKey,0,,CONCEPT,CONCEPT_ID,
SPECIMEN,specimen_type_concept_id,isForeignKey,0,,CONCEPT,CONCEPT_ID,
SPECIMEN,unit_concept_id,isForeignKey,0,,CONCEPT,CONCEPT_ID,
VISIT_DETAIL,admitted_from_concept_id,isForeignKey,0,,CONCEPT,CONCEPT_ID,
VISIT_DETAIL,care_site_id,isForeignKey,0,,CARE_SITE,CARE_SITE_ID,
VISIT_DETAIL,discharged_to_concept_id,isForeignKey,0,,CONCEPT,CONCEPT_ID,
VISIT_DETAIL,parent_visit_detail_id,isForeignKey,0,,VISIT_DETAIL,VISIT_DETAIL_ID,
VISIT_DETAIL,person_id,isForeignKey,0,,PERSON,PERSON_ID,
VISIT_DETAIL,preceding_visit_detail_id,isForeignKey,0,,VISIT_DETAIL,VISIT_DETAIL_ID,
VISIT_DETAIL,provider_id,isForeignKey,0,,PROVIDER,PROVIDER_ID,
VISIT_DETAIL,visit_detail_concept_id,isForeignKey,0,,CONCEPT,CONCEPT_ID,
VISIT_DETAIL,visit_detail_source_concept_id,isForeignKey,0,,CONCEPT,CONCEPT_ID,
VISIT_DETAIL,visit_detail_type_concept_id,isForeignKey,0,,CONCEPT,CONCEPT_ID,
VISIT_DETAIL,visit_occurrence_id,isForeignKey,0,,VISIT_OCCURRENCE,VISIT_OCCURRENCE_ID,
VISIT_OCCURRENCE,admitted_from_concept_id,isForeignKey,0,,CONCEPT,CONCEPT_ID,
VISIT_OCCURRENCE,care_site_id,isForeignKey,0,,CARE_SITE,CARE_SITE_ID,
VISIT_OCCURRENCE,discharged_to_concept_id,isForeignKey,0,,CONCEPT,CONCEPT_ID,
VISIT_OCCURRENCE,person_id,isForeignKey,0,,PERSON,PERSON_ID,
VISIT_OCCURRENCE,preceding_visit_occurrence_id,isForeignKey,0,,VISIT_OCCURRENCE,VISIT_OCCURRENCE_ID,
VISIT_OCCURRENCE,provider_id,isForeignKey,0,,PROVIDER,PROVIDER_ID,
VISIT_OCCURRENCE,visit_concept_id,isForeignKey,0,,CONCEPT,CONCEPT_ID,
VISIT_OCCURRENCE,visit_source_concept_id,isForeignKey,0,,CONCEPT,CONCEPT_ID,
VISIT_OCCURRENCE,visit_type_concept_id,isForeignKey,0,,CONCEPT,CONCEPT_ID,
VOCABULARY,vocabulary_concept_id,isForeignKey,0,,CONCEPT,CONCEPT_ID,
CDM_SOURCE,cdm_version_concept_id,fkDomain,0,Metadata,,,
CONDITION_ERA,condition_concept_id,fkDomain,0,Condition,,,
CONDITION_OCCURRENCE,condition_concept_id,fkDomain,0,Condition,,,
CONDITION_OCCURRENCE,condition_status_concept_id,fkDomain,0,Condition Status,,,
CONDITION_OCCURRENCE,condition_type_concept_id,fkDomain,0,Type Concept,,,
DEATH,death_type_concept_id,fkDomain,0,Type Concept,,,
DEVICE_EXPOSURE,device_concept_id,fkDomain,0,Device,,,
DEVICE_EXPOSURE,device_type_concept_id,fkDomain,0,Type Concept,,,
DEVICE_EXPOSURE,unit_concept_id,fkDomain,0,Unit,,,
DOSE_ERA,drug_concept_id,fkDomain,0,Drug,,,
DOSE_ERA,unit_concept_id,fkDomain,0,Unit,,,
DRUG_ERA,drug_concept_id,fkDomain,0,Drug,,,
DRUG_EXPOSURE,drug_concept_id,fkDomain,0,Drug,,,
DRUG_EXPOSURE,drug_type_concept_id,fkDomain,0,Type Concept,,,
DRUG_EXPOSURE,route_concept_id,fkDomain,0,Route,,,
DRUG_STRENGTH,drug_concept_id,fkDomain,0,Drug,,,
EPISODE,episode_concept_id,fkDomain,0,Episode,,,
EPISODE,episode_type_concept_id,fkDomain,0,Type Concept,,,
EPISODE_EVENT,episode_event_field_concept_id,fkDomain,0,Metadata,,,
LOCATION,country_concept_id,fkDomain,0,Geography,,,
MEASUREMENT,measurement_concept_id,fkDomain,0,Measurement,,,
MEASUREMENT,measurement_type_concept_id,fkDomain,0,Type Concept,,,
MEASUREMENT,operator_concept_id,fkDomain,0,Meas Value Operator,,,
MEASUREMENT,unit_concept_id,fkDomain,0,Unit,,,
NOTE,note_type_concept_id,fkDomain,0,Type Concept,,,
OBSERVATION,observation_type_concept_id,fkDomain,0,Type Concept,,,
OBSERVATION,unit_concept_id,fkDomain,0,Unit,,,
OBSERVATION_PERIOD,period_type_concept_id,fkDomain,0,Type Concept,,,
PERSON,ethnicity_concept_id,fkDomain,0,Ethnicity,,,
PERSON,gender_concept_id,fkDomain,0,Gender,,,
PERSON,race_concept_id,fkDomain,0,Race,,,
PROCEDURE_OCCURRENCE,procedure_concept_id,fkDomain,0,Procedure,,,
PROCEDURE_OCCURRENCE,procedure_type_concept_id,fkDomain,0,Type Concept,,,
PROVIDER,gender_concept_id,fkDomain,0,Gender,,,
SPECIMEN,specimen_type_concept_id,fkDomain,0,Type Concept,,,
VISIT_DETAIL,admitted_from_concept_id,fkDomain,0,Visit,,,
VISIT_DETAIL,discharged_to_concept_id,fkDomain,0,Visit,,,
VISIT_DETAIL,visit_detail_concept_id,fkDomain,0,Visit,,,
VISIT_DETAIL,visit_detail_type_concept_id,fkDomain,0,Type Concept,,,
VISIT_OCCURRENCE,admitted_from_concept_id,fkDomain,0,Visit,,,
VISIT_OCCURRENCE,discharged_to_concept_id,fkDomain,0,Visit,,,
VISIT_OCCURRENCE,visit_concept_id,fkDomain,0,Visit,,,
VISIT_OCCURRENCE,visit_type_concept_id,fkDomain,0,Type Concept,,,
DOSE_ERA,drug_concept_id,fkClass,0,Ingredient,,,
DRUG_ERA,drug_concept_id,fkClass,0,Ingredient,,,
DRUG_STRENGTH,ingredient_concept_id,fkClass,0,Ingredient,,,
CARE_SITE,place_of_service_concept_id,isStandardValidConcept,0,,,,
CDM_SOURCE,cdm_version_concept_id,isStandardValidConcept,0,,,,
COHORT_DEFINITION,definition_type_concept_id,isStandardValidConcept,0,,,,
COHORT_DEFINITION,subject_concept_id,isStandardValidConcept,0,,,,
CONDITION_ERA,condition_concept_id,isStandardValidConcept,0,,,,
CONDITION_OCCURRENCE,condition_concept_id,isStandardValidConcept,0,,,,
CONDITION_OCCURRENCE,condition_status_concept_id,isStandardValidConcept,0,,,,
CONDITION_OCCURRENCE,condition_type_concept_id,isStandardValidConcept,0,,,,
COST,cost_type_concept_id,isStandardValidConcept,0,,,,
DEATH,cause_concept_id,isStandardValidConcept,0,,,,
DEATH,death_type_concept_id,isStandardValidConcept,0,,,,
DEVICE_EXPOSURE,device_concept_id,isStandardValidConcept,0,,,,
DEVICE_EXPOSURE,device_type_concept_id,isStandardValidConcept,0,,,,
DEVICE_EXPOSURE,unit_concept_id,isStandardValidConcept,0,,,,
DOSE_ERA,drug_concept_id,isStandardValidConcept,0,,,,
DOSE_ERA,unit_concept_id,isStandardValidConcept,0,,,,
DRUG_ERA,drug_concept_id,isStandardValidConcept,0,,,,
DRUG_EXPOSURE,drug_concept_id,isStandardValidConcept,0,,,,
DRUG_EXPOSURE,drug_type_concept_id,isStandardValidConcept,0,,,,
DRUG_EXPOSURE,route_concept_id,isStandardValidConcept,0,,,,
EPISODE,episode_concept_id,isStandardValidConcept,0,,,,
EPISODE,episode_type_concept_id,isStandardValidConcept,0,,,,
EPISODE_EVENT,episode_event_field_concept_id,isStandardValidConcept,0,,,,
LOCATION,country_concept_id,isStandardValidConcept,0,,,,
MEASUREMENT,meas_event_field_concept_id,isStandardValidConcept,0,,,,
MEASUREMENT,measurement_concept_id,isStandardValidConcept,0,,,,
MEASUREMENT,measurement_type_concept_id,isStandardValidConcept,0,,,,
MEASUREMENT,operator_concept_id,isStandardValidConcept,0,,,,
MEASUREMENT,unit_concept_id,isStandardValidConcept,0,,,,
NOTE,encoding_concept_id,isStandardValidConcept,0,,,,
NOTE,language_concept_id,isStandardValidConcept,0,,,,
NOTE,note_class_concept_id,isStandardValidConcept,0,,,,
NOTE,note_event_field_concept_id,isStandardValidConcept,0,,,,
NOTE,note_type_concept_id,isStandardValidConcept,0,,,,
NOTE_NLP,note_nlp_concept_id,isStandardValidConcept,0,,,,
NOTE_NLP,section_concept_id,isStandardValidConcept,0,,,,
OBSERVATION,obs_event_field_concept_id,isStandardValidConcept,0,,,,
OBSERVATION,observation_concept_id,isStandardValidConcept,0,,,,
OBSERVATION,observation_type_concept_id,isStandardValidConcept,0,,,,
OBSERVATION,qualifier_concept_id,isStandardValidConcept,0,,,,
OBSERVATION,unit_concept_id,isStandardValidConcept,0,,,,
OBSERVATION_PERIOD,period_type_concept_id,isStandardValidConcept,0,,,,
PERSON,ethnicity_concept_id,isStandardValidConcept,0,,,,
PERSON,gender_concept_id,isStandardValidConcept,0,,,,
PERSON,race_concept_id,isStandardValidConcept,0,,,,
PROCEDURE_OCCURRENCE,modifier_concept_id,isStandardValidConcept,0,,,,
PROCEDURE_OCCURRENCE,procedure_concept_id,isStandardValidConcept,0,,,,
PROCEDURE_OCCURRENCE,procedure_type_concept_id,isStandardValidConcept,0,,,,
PROVIDER,gender_concept_id,isStandardValidConcept,0,,,,
PROVIDER,specialty_concept_id,isStandardValidConcept,0,,,,
SOURCE_TO_CONCEPT_MAP,target_concept_id,isStandardValidConcept,0,,,,
SPECIMEN,anatomic_site_concept_id,isStandardValidConcept,0,,,,
SPECIMEN,disease_status_concept_id,isStandardValidConcept,0,,,,
SPECIMEN,specimen_concept_id,isStandardValidConcept,0,,,,
SPECIMEN,specimen_type_concept_id,isStandardValidConcept,0,,,,
SPECIMEN,unit_concept_id,isStandardValidConcept,0,,,,
VISIT_DETAIL,admitted_from_concept_id,isStandardValidConcept,0,,,,
VISIT_DETAIL,discharged_to_concept_id,isStandardValidConcept,0,,,,
VISIT_DETAIL,visit_detail_concept_id,isStandardValidConcept,0,,,,
VISIT_DETAIL,visit_detail_type_concept_id,isStandardValidConcept,0,,,,
VISIT_OCCURRENCE,admitted_from_concept_id,isStandardValidConcept,0,,,,
VISIT_OCCURRENCE,discharged_to_concept_id,isStandardValidConcept,0,,,,
VISIT_OCCURRENCE,visit_concept_id,isStandardValidConcept,0,,,,
VISIT_OCCURRENCE,visit_type_concept_id,isStandardValidConcept,0,,,,
CARE_SITE,care_site_id,measureValueCompleteness,0,,,,
CARE_SITE,care_site_name,measureValueCompleteness,100,,,,
CARE_SITE,care_site_source_value,measureValueCompleteness,100,,,,
CARE_SITE,location_id,measureValueCompleteness,100,,,,
CARE_SITE,place_of_service_concept_id,measureValueCompleteness,100,,,,
CARE_SITE,place_of_service_source_value,measureValueCompleteness,100,,,,
CDM_SOURCE,cdm_etl_reference,measureValueCompleteness,100,,,,
CDM_SOURCE,cdm_holder,measureValueCompleteness,0,,,,
CDM_SOURCE,cdm_release_date,measureValueCompleteness,0,,,,
CDM_SOURCE,cdm_source_abbreviation,measureValueCompleteness,0,,,,
CDM_SOURCE,cdm_source_name,measureValueCompleteness,0,,,,
CDM_SOURCE,cdm_version,measureValueCompleteness,100,,,,
CDM_SOURCE,cdm_version_concept_id,measureValueCompleteness,0,,,,
CDM_SOURCE,source_description,measureValueCompleteness,100,,,,
CDM_SOURCE,source_documentation_reference,measureValueCompleteness,100,,,,
CDM_SOURCE,source_release_date,measureValueCompleteness,0,,,,
CDM_SOURCE,vocabulary_version,measureValueCompleteness,0,,,,
COHORT,cohort_definition_id,measureValueCompleteness,0,,,,
COHORT,cohort_end_date,measureValueCompleteness,0,,,,
COHORT,cohort_start_date,measureValueCompleteness,0,,,,
COHORT,subject_id,measureValueCompleteness,0,,,,
COHORT_DEFINITION,cohort_definition_description,measureValueCompleteness,100,,,,
COHORT_DEFINITION,cohort_definition_id,measureValueCompleteness,0,,,,
COHORT_DEFINITION,cohort_definition_name,measureValueCompleteness,0,,,,
COHORT_DEFINITION,cohort_definition_syntax,measureValueCompleteness,100,,,,
COHORT_DEFINITION,cohort_initiation_date,measureValueCompleteness,100,,,,
COHORT_DEFINITION,definition_type_concept_id,measureValueCompleteness,0,,,,
COHORT_DEFINITION,subject_concept_id,measureValueCompleteness,0,,,,
CONCEPT,concept_class_id,measureValueCompleteness,0,,,,
CONCEPT,concept_code,measureValueCompleteness,0,,,,
CONCEPT,concept_id,measureValueCompleteness,0,,,,
CONCEPT,concept_name,measureValueCompleteness,0,,,,
CONCEPT,domain_id,measureValueCompleteness,0,,,,
CONCEPT,invalid_reason,measureValueCompleteness,100,,,,
CONCEPT,standard_concept,measureValueCompleteness,100,,,,
CONCEPT,valid_end_date,measureValueCompleteness,0,,,,
CONCEPT,valid_start_date,measureValueCompleteness,0,,,,
CONCEPT,vocabulary_id,measureValueCompleteness,0,,,,
CONCEPT_ANCESTOR,ancestor_concept_id,measureValueCompleteness,0,,,,
CONCEPT_ANCESTOR,descendant_concept_id,measureValueCompleteness,0,,,,
CONCEPT_ANCESTOR,max_levels_of_separation,measureValueCompleteness,0,,,,
CONCEPT_ANCESTOR,min_levels_of_separation,measureValueCompleteness,0,,,,
CONCEPT_CLASS,concept_class_concept_id,measureValueCompleteness,0,,,,
CONCEPT_CLASS,concept_class_id,measureValueCompleteness,0,,,,
CONCEPT_CLASS,concept_class_name,measureValueCompleteness,0,,,,
CONCEPT_RELATIONSHIP,concept_id_1,measureValueCompleteness,0,,,,
CONCEPT_RELATIONSHIP,concept_id_2,measureValueCompleteness,0,,,,
CONCEPT_RELATIONSHIP,invalid_reason,measureValueCompleteness,100,,,,
CONCEPT_RELATIONSHIP,relationship_id,measureValueCompleteness,0,,,,
CONCEPT_RELATIONSHIP,valid_end_date,measureValueCompleteness,0,,,,
CONCEPT_RELATIONSHIP,valid_start_date,measureValueCompleteness,0,,,,
CONCEPT_SYNONYM,concept_id,measureValueCompleteness,0,,,,
CONCEPT_SYNONYM,concept_synonym_name,measureValueCompleteness,0,,,,
CONCEPT_SYNONYM,language_concept_id,measureValueCompleteness,0,,,,
CONDITION_ERA,condition_concept_id,measureValueCompleteness,0,,,,
CONDITION_ERA,condition_era_end_date,measureValueCompleteness,0,,,,
CONDITION_ERA,condition_era_id,measureValueCompleteness,0,,,,
CONDITION_ERA,condition_era_start_date,measureValueCompleteness,0,,,,
CONDITION_ERA,condition_occurrence_count,measureValueCompleteness,100,,,,
CONDITION_ERA,person_id,measureValueCompleteness,0,,,,
CONDITION_OCCURRENCE,condition_concept_id,measureValueCompleteness,0,,,,
CONDITION_OCCURRENCE,condition_end_date,measureValueCompleteness,100,,,,
CONDITION_OCCURRENCE,condition_end_datetime,measureValueCompleteness,100,,,,
CONDITION_OCCURRENCE,condition_occurrence_id,measureValueCompleteness,0,,,,
CONDITION_OCCURRENCE,condition_source_concept_id,measureValueCompleteness,100,,,,
CONDITION_OCCURRENCE,condition_source_value,measureValueCompleteness,100,,,,
CONDITION_OCCURRENCE,condition_start_date,measureValueCompleteness,0,,,,
CONDITION_OCCURRENCE,condition_start_datetime,measureValueCompleteness,100,,,,
CONDITION_OCCURRENCE,condition_status_concept_id,measureValueCompleteness,100,,,,
CONDITION_OCCURRENCE,condition_status_source_value,measureValueCompleteness,100,,,,
CONDITION_OCCURRENCE,condition_type_concept_id,measureValueCompleteness,0,,,,
CONDITION_OCCURRENCE,person_id,measureValueCompleteness,0,,,,
CONDITION_OCCURRENCE,provider_id,measureValueCompleteness,100,,,,
CONDITION_OCCURRENCE,stop_reason,measureValueCompleteness,100,,,,
CONDITION_OCCURRENCE,visit_detail_id,measureValueCompleteness,100,,,,
CONDITION_OCCURRENCE,visit_occurrence_id,measureValueCompleteness,100,,,,
COST,amount_allowed,measureValueCompleteness,100,,,,
COST,cost_domain_id,measureValueCompleteness,0,,,,
COST,cost_event_id,measureValueCompleteness,0,,,,
COST,cost_id,measureValueCompleteness,0,,,,
COST,cost_type_concept_id,measureValueCompleteness,0,,,,
COST,currency_concept_id,measureValueCompleteness,100,,,,
COST,drg_concept_id,measureValueCompleteness,100,,,,
COST,drg_source_value,measureValueCompleteness,100,,,,
COST,paid_by_patient,measureValueCompleteness,100,,,,
COST,paid_by_payer,measureValueCompleteness,100,,,,
COST,paid_by_primary,measureValueCompleteness,100,,,,
COST,paid_dispensing_fee,measureValueCompleteness,100,,,,
COST,paid_ingredient_cost,measureValueCompleteness,100,,,,
COST,paid_patient_coinsurance,measureValueCompleteness,100,,,,
COST,paid_patient_copay,measureValueCompleteness,100,,,,
COST,paid_patient_deductible,measureValueCompleteness,100,,,,
COST,payer_plan_period_id,measureValueCompleteness,100,,,,
COST,revenue_code_concept_id,measureValueCompleteness,100,,,,
COST,revenue_code_source_value,measureValueCompleteness,100,,,,
COST,total_charge,measureValueCompleteness,100,,,,
COST,total_cost,measureValueCompleteness,100,,,,
COST,total_paid,measureValueCompleteness,100,,,,
DEATH,cause_concept_id,measureValueCompleteness,100,,,,
DEATH,cause_source_concept_id,measureValueCompleteness,100,,,,
DEATH,cause_source_value,measureValueCompleteness,100,,,,
DEATH,death_date,measureValueCompleteness,0,,,,
DEATH,death_datetime,measureValueCompleteness,100,,,,
DEATH,death_type_concept_id,measureValueCompleteness,100,,,,
DEATH,person_id,measureValueCompleteness,0,,,,
DEVICE_EXPOSURE,device_concept_id,measureValueCompleteness,0,,,,
DEVICE_EXPOSURE,device_exposure_end_date,measureValueCompleteness,100,,,,
DEVICE_EXPOSURE,device_exposure_end_datetime,measureValueCompleteness,100,,,,
DEVICE_EXPOSURE,device_exposure_id,measureValueCompleteness,0,,,,
DEVICE_EXPOSURE,device_exposure_start_date,measureValueCompleteness,0,,,,
DEVICE_EXPOSURE,device_exposure_start_datetime,measureValueCompleteness,100,,,,
DEVICE_EXPOSURE,device_source_concept_id,measureValueCompleteness,100,,,,
DEVICE_EXPOSURE,device_source_value,measureValueCompleteness,100,,,,
DEVICE_EXPOSURE,device_type_concept_id,measureValueCompleteness,0,,,,
DEVICE_EXPOSURE,person_id,measureValueCompleteness,0,,,,
DEVICE_EXPOSURE,production_id,measureValueCompleteness,100,,,,
DEVICE_EXPOSURE,provider_id,measureValueCompleteness,100,,,,
DEVICE_EXPOSURE,quantity,measureValueCompleteness,100,,,,
DEVICE_EXPOSURE,unique_device_id,measureValueCompleteness,100,,,,
DEVICE_EXPOSURE,unit_concept_id,measureValueCompleteness,100,,,,
DEVICE_EXPOSURE,unit_source_concept_id,measureValueCompleteness,100,,,,
DEVICE_EXPOSURE,unit_source_value,measureValueCompleteness,100,,,,
DEVICE_EXPOSURE,visit_detail_id,measureValueCompleteness,100,,,,
DEVICE_EXPOSURE,visit_occurrence_id,measureValueCompleteness,100,,,,
DOMAIN,domain_concept_id,measureValueCompleteness,0,,,,
DOMAIN,domain_id,measureValueCompleteness,0,,,,
DOMAIN,domain_name,measureValueCompleteness,0,,,,
DOSE_ERA,dose_era_end_date,measureValueCompleteness,0,,,,
DOSE_ERA,dose_era_id,measureValueCompleteness,0,,,,
DOSE_ERA,dose_era_start_date,measureValueCompleteness,0,,,,
DOSE_ERA,dose_value,measureValueCompleteness,0,,,,
DOSE_ERA,drug_concept_id,measureValueCompleteness,0,,,,
DOSE_ERA,person_id,measureValueCompleteness,0,,,,
DOSE_ERA,unit_concept_id,measureValueCompleteness,0,,,,
DRUG_ERA,drug_concept_id,measureValueCompleteness,0,,,,
DRUG_ERA,drug_era_end_date,measureValueCompleteness,0,,,,
DRUG_ERA,drug_era_id,measureValueCompleteness,0,,,,
DRUG_ERA,drug_era_start_date,measureValueCompleteness,0,,,,
DRUG_ERA,drug_exposure_count,measureValueCompleteness,100,,,,
DRUG_ERA,gap_days,measureValueCompleteness,100,,,,
DRUG_ERA,person_id,measureValueCompleteness,0,,,,
DRUG_EXPOSURE,days_supply,measureValueCompleteness,100,,,,
DRUG_EXPOSURE,dose_unit_source_value,measureValueCompleteness,100,,,,
DRUG_EXPOSURE,drug_concept_id,measureValueCompleteness,0,,,,
DRUG_EXPOSURE,drug_exposure_end_date,measureValueCompleteness,0,,,,
DRUG_EXPOSURE,drug_exposure_end_datetime,measureValueCompleteness,100,,,,
DRUG_EXPOSURE,drug_exposure_id,measureValueCompleteness,0,,,,
DRUG_EXPOSURE,drug_exposure_start_date,measureValueCompleteness,0,,,,
DRUG_EXPOSURE,drug_exposure_start_datetime,measureValueCompleteness,100,,,,
DRUG_EXPOSURE,drug_source_concept_id,measureValueCompleteness,100,,,,
DRUG_EXPOSURE,drug_source_value,measureValueCompleteness,100,,,,
DRUG_EXPOSURE,drug_type_concept_id,measureValueCompleteness,0,,,,
DRUG_EXPOSURE,lot_number,measureValueCompleteness,100,,,,
DRUG_EXPOSURE,person_id,measureValueCompleteness,0,,,,
DRUG_EXPOSURE,provider_id,measureValueCompleteness,100,,,,
DRUG_EXPOSURE,quantity,measureValueCompleteness,100,,,,
DRUG_EXPOSURE,refills,measureValueCompleteness,100,,,,
DRUG_EXPOSURE,route_concept_id,measureValueCompleteness,100,,,,
DRUG_EXPOSURE,route_source_value,measureValueCompleteness,100,,,,
DRUG_EXPOSURE,sig,measureValueCompleteness,100,,,,
DRUG_EXPOSURE,stop_reason,measureValueCompleteness,100,,,,
DRUG_EXPOSURE,verbatim_end_date,measureValueCompleteness,100,,,,
DRUG_EXPOSURE,visit_detail_id,measureValueCompleteness,100,,,,
DRUG_EXPOSURE,visit_occurrence_id,measureValueCompleteness,100,,,,
DRUG_STRENGTH,amount_unit_concept_id,measureValueCompleteness,100,,,,
DRUG_STRENGTH,amount_value,measureValueCompleteness,100,,,,
DRUG_STRENGTH,box_size,measureValueCompleteness,100,,,,
DRUG_STRENGTH,denominator_unit_concept_id,measureValueCompleteness,100,,,,
DRUG_STRENGTH,denominator_value,measureValueCompleteness,100,,,,
DRUG_STRENGTH,drug_concept_id,measureValueCompleteness,0,,,,
DRUG_STRENGTH,ingredient_concept_id,measureValueCompleteness,0,,,,
DRUG_STRENGTH,invalid_reason,measureValueCompleteness,100,,,,
DRUG_STRENGTH,numerator_unit_concept_id,measureValueCompleteness,100,,,,
DRUG_STRENGTH,numerator_value,measureValueCompleteness,100,,,,
DRUG_STRENGTH,valid_end_date,measureValueCompleteness,0,,,,
DRUG_STRENGTH,valid_start_date,measureValueCompleteness,0,,,,
EPISODE,episode_concept_id,measureValueCompleteness,0,,,,
EPISODE,episode_end_date,measureValueCompleteness,100,,,,
EPISODE,episode_end_datetime,measureValueCompleteness,100,,,,
EPISODE,episode_id,measureValueCompleteness,0,,,,
EPISODE,episode_number,measureValueCompleteness,100,,,,
EPISODE,episode_object_concept_id,measureValueCompleteness,0,,,,
EPISODE,episode_parent_id,measureValueCompleteness,100,,,,
EPISODE,episode_source_concept_id,measureValueCompleteness,100,,,,
EPISODE,episode_source_value,measureValueCompleteness,100,,,,
EPISODE,episode_start_date,measureValueCompleteness,0,,,,
EPISODE,episode_start_datetime,measureValueCompleteness,100,,,,
EPISODE,episode_type_concept_id,measureValueCompleteness,0,,,,
EPISODE,person_id,measureValueCompleteness,0,,,,
EPISODE_EVENT,episode_event_field_concept_id,measureValueCompleteness,0,,,,
EPISODE_EVENT,episode_id,measureValueCompleteness,0,,,,
EPISODE_EVENT,event_id,measureValueCompleteness,0,,,,
FACT_RELATIONSHIP,domain_concept_id_1,measureValueCompleteness,0,,,,
FACT_RELATIONSHIP,domain_concept_id_2,measureValueCompleteness,0,,,,
FACT_RELATIONSHIP,fact_id_1,measureValueCompleteness,0,,,,
FACT_RELATIONSHIP,fact_id_2,measureValueCompleteness,0,,,,
FACT_RELATIONSHIP,relationship_concept_id,measureValueCompleteness,0,,,,
LOCATION,address_1,measureValueCompleteness,100,,,,
LOCATION,address_2,measureValueCompleteness,100,,,,
LOCATION,city,measureValueCompleteness,100,,,,
LOCATION,country_concept_id,measureValueCompleteness,100,,,,
LOCATION,country_source_value,measureValueCompleteness,100,,,,
LOCATION,county,measureValueCompleteness,100,,,,
LOCATION,latitude,measureValueCompleteness,100,,,,
LOCATION,location_id,measureValueCompleteness,0,,,,
LOCATION,location_source_value,measureValueCompleteness,100,,,,
LOCATION,longitude,measureValueCompleteness,100,,,,
LOCATION,state,measureValueCompleteness,100,,,,
LOCATION,zip,measureValueCompleteness,100,,,,
MEASUREMENT,meas_event_field_concept_id,measureValueCompleteness,100,,,,
MEASUREMENT,measurement_concept_id,measureValueCompleteness,0,,,,
MEASUREMENT,measurement_date,measureValueCompleteness,0,,,,
MEASUREMENT,measurement_datetime,measureValueCompleteness,100,,,,
MEASUREMENT,measurement_event_id,measureValueCompleteness,100,,,,
MEASUREMENT,measurement_id,measureValueCompleteness,0,,,,
MEASUREMENT,measurement_source_concept_id,measureValueCompleteness,100,,,,
MEASUREMENT,measurement_source_value,measureValueCompleteness,100,,,,
MEASUREMENT,measurement_time,measureValueCompleteness,100,,,,
MEASUREMENT,measurement_type_concept_id,measureValueCompleteness,0,,,,
MEASUREMENT,operator_concept_id,measureValueCompleteness,100,,,,
MEASUREMENT,person_id,measureValueCompleteness,0,,,,
MEASUREMENT,provider_id,measureValueCompleteness,100,,,,
MEASUREMENT,range_high,measureValueCompleteness,100,,,,
MEASUREMENT,range_low,measureValueCompleteness,100,,,,
MEASUREMENT,unit_concept_id,measureValueCompleteness,100,,,,
MEASUREMENT,unit_source_concept_id,measureValueCompleteness,100,,,,
MEASUREMENT,unit_source_value,measureValueCompleteness,100,,,,
MEASUREMENT,value_as_concept_id,measureValueCompleteness,100,,,,
MEASUREMENT,value_as_number,measureValueCompleteness,100,,,,
MEASUREMENT,value_source_value,measureValueCompleteness,100,,,,
MEASUREMENT,visit_detail_id,measureValueCompleteness,100,,,,
MEASUREMENT,visit_occurrence_id,measureValueCompleteness,100,,,,
METADATA,metadata_concept_id,measureValueCompleteness,0,,,,
METADATA,metadata_date,measureValueCompleteness,100,,,,
METADATA,metadata_datetime,measureValueCompleteness,100,,,,
METADATA,metadata_id,measureValueCompleteness,0,,,,
METADATA,metadata_type_concept_id,measureValueCompleteness,0,,,,
METADATA,name,measureValueCompleteness,0,,,,
METADATA,value_as_concept_id,measureValueCompleteness,100,,,,
METADATA,value_as_number,measureValueCompleteness,100,,,,
METADATA,value_as_string,measureValueCompleteness,100,,,,
NOTE,encoding_concept_id,measureValueCompleteness,0,,,,
NOTE,language_concept_id,measureValueCompleteness,0,,,,
NOTE,note_class_concept_id,measureValueCompleteness,0,,,,
NOTE,note_date,measureValueCompleteness,0,,,,
NOTE,note_datetime,measureValueCompleteness,100,,,,
NOTE,note_event_field_concept_id,measureValueCompleteness,100,,,,
NOTE,note_event_id,measureValueCompleteness,100,,,,
NOTE,note_id,measureValueCompleteness,0,,,,
NOTE,note_source_value,measureValueCompleteness,100,,,,
NOTE,note_text,measureValueCompleteness,0,,,,
NOTE,note_title,measureValueCompleteness,100,,,,
NOTE,note_type_concept_id,measureValueCompleteness,0,,,,
NOTE,person_id,measureValueCompleteness,0,,,,
NOTE,provider_id,measureValueCompleteness,100,,,,
NOTE,visit_detail_id,measureValueCompleteness,100,,,,
NOTE,visit_occurrence_id,measureValueCompleteness,100,,,,
NOTE_NLP,lexical_variant,measureValueCompleteness,0,,,,
NOTE_NLP,nlp_date,measureValueCompleteness,0,,,,
NOTE_NLP,nlp_datetime,measureValueCompleteness,100,,,,
NOTE_NLP,nlp_system,measureValueCompleteness,100,,,,
NOTE_NLP,note_id,measureValueCompleteness,0,,,,
NOTE_NLP,note_nlp_concept_id,measureValueCompleteness,100,,,,
NOTE_NLP,note_nlp_id,measureValueCompleteness,0,,,,
NOTE_NLP,note_nlp_source_concept_id,measureValueCompleteness,100,,,,
NOTE_NLP,offset,measureValueCompleteness,100,,,,
NOTE_NLP,section_concept_id,measureValueCompleteness,100,,,,
NOTE_NLP,snippet,measureValueCompleteness,100,,,,
NOTE_NLP,term_exists,measureValueCompleteness,100,,,,
NOTE_NLP,term_modifiers,measureValueCompleteness,100,,,,
NOTE_NLP,term_temporal,measureValueCompleteness,100,,,,
OBSERVATION,obs_event_field_concept_id,measureValueCompleteness,100,,,,
OBSERVATION,observation_concept_id,measureValueCompleteness,0,,,,
OBSERVATION,observation_date,measureValueCompleteness,0,,,,
OBSERVATION,observation_datetime,measureValueCompleteness,100,,,,
OBSERVATION,observation_event_id,measureValueCompleteness,100,,,,
OBSERVATION,observation_id,measureValueCompleteness,0,,,,
OBSERVATION,observation_source_concept_id,measureValueCompleteness,100,,,,
OBSERVATION,observation_source_value,measureValueCompleteness,100,,,,
OBSERVATION,observation_type_concept_id,measureValueCompleteness,0,,,,
OBSERVATION,person_id,measureValueCompleteness,0,,,,
OBSERVATION,provider_id,measureValueCompleteness,100,,,,
OBSERVATION,qualifier_concept_id,measureValueCompleteness,100,,,,
OBSERVATION,qualifier_source_value,measureValueCompleteness,100,,,,
OBSERVATION,unit_concept_id,measureValueCompleteness,100,,,,
OBSERVATION,unit_source_value,measureValueCompleteness,100,,,,
OBSERVATION,value_as_concept_id,measureValueCompleteness,100,,,,
OBSERVATION,value_as_number,measureValueCompleteness,100,,,,
OBSERVATION,value_as_string,measureValueCompleteness,100,,,,
OBSERVATION,value_source_value,measureValueCompleteness,100,,,,
OBSERVATION,visit_detail_id,measureValueCompleteness,100,,,,
OBSERVATION,visit_occurrence_id,measureValueCompleteness,100,,,,
OBSERVATION_PERIOD,observation_period_end_date,measureValueCompleteness,0,,,,
OBSERVATION_PERIOD,observation_period_id,measureValueCompleteness,0,,,,
OBSERVATION_PERIOD,observation_period_start_date,measureValueCompleteness,0,,,,
OBSERVATION_PERIOD,period_type_concept_id,measureValueCompleteness,0,,,,
OBSERVATION_PERIOD,person_id,measureValueCompleteness,0,,,,
PAYER_PLAN_PERIOD,family_source_value,measureValueCompleteness,100,,,,
PAYER_PLAN_PERIOD,payer_concept_id,measureValueCompleteness,100,,,,
PAYER_PLAN_PERIOD,payer_plan_period_end_date,measureValueCompleteness,0,,,,
PAYER_PLAN_PERIOD,payer_plan_period_id,measureValueCompleteness,0,,,,
PAYER_PLAN_PERIOD,payer_plan_period_start_date,measureValueCompleteness,0,,,,
PAYER_PLAN_PERIOD,payer_source_concept_id,measureValueCompleteness,100,,,,
PAYER_PLAN_PERIOD,payer_source_value,measureValueCompleteness,100,,,,
PAYER_PLAN_PERIOD,person_id,measureValueCompleteness,0,,,,
PAYER_PLAN_PERIOD,plan_concept_id,measureValueCompleteness,100,,,,
PAYER_PLAN_PERIOD,plan_source_concept_id,measureValueCompleteness,100,,,,
PAYER_PLAN_PERIOD,plan_source_value,measureValueCompleteness,100,,,,
PAYER_PLAN_PERIOD,sponsor_concept_id,measureValueCompleteness,100,,,,
PAYER_PLAN_PERIOD,sponsor_source_concept_id,measureValueCompleteness,100,,,,
PAYER_PLAN_PERIOD,sponsor_source_value,measureValueCompleteness,100,,,,
PAYER_PLAN_PERIOD,stop_reason_concept_id,measureValueCompleteness,100,,,,
PAYER_PLAN_PERIOD,stop_reason_source_concept_id,measureValueCompleteness,100,,,,
PAYER_PLAN_PERIOD,stop_reason_source_value,measureValueCompleteness,100,,,,
PERSON,birth_datetime,measureValueCompleteness,100,,,,
PERSON,care_site_id,measureValueCompleteness,100,,,,
PERSON,day_of_birth,measureValueCompleteness,100,,,,
PERSON,ethnicity_concept_id,measureValueCompleteness,0,,,,
PERSON,ethnicity_source_concept_id,measureValueCompleteness,100,,,,
PERSON,ethnicity_source_value,measureValueCompleteness,100,,,,
PERSON,gender_concept_id,measureValueCompleteness,0,,,,
PERSON,gender_source_concept_id,measureValueCompleteness,100,,,,
PERSON,gender_source_value,measureValueCompleteness,100,,,,
PERSON,location_id,measureValueCompleteness,100,,,,
PERSON,month_of_birth,measureValueCompleteness,100,,,,
PERSON,person_id,measureValueCompleteness,0,,,,
PERSON,person_source_value,measureValueCompleteness,100,,,,
PERSON,provider_id,measureValueCompleteness,100,,,,
PERSON,race_concept_id,measureValueCompleteness,0,,,,
PERSON,race_source_concept_id,measureValueCompleteness,100,,,,
PERSON,race_source_value,measureValueCompleteness,100,,,,
PERSON,year_of_birth,measureValueCompleteness,0,,,,
PROCEDURE_OCCURRENCE,modifier_concept_id,measureValueCompleteness,100,,,,
PROCEDURE_OCCURRENCE,modifier_source_value,measureValueCompleteness,100,,,,
PROCEDURE_OCCURRENCE,person_id,measureValueCompleteness,0,,,,
PROCEDURE_OCCURRENCE,procedure_concept_id,measureValueCompleteness,0,,,,
PROCEDURE_OCCURRENCE,procedure_date,measureValueCompleteness,0,,,,
PROCEDURE_OCCURRENCE,procedure_datetime,measureValueCompleteness,100,,,,
PROCEDURE_OCCURRENCE,procedure_end_date,measureValueCompleteness,100,,,,
PROCEDURE_OCCURRENCE,procedure_end_datetime,measureValueCompleteness,100,,,,
PROCEDURE_OCCURRENCE,procedure_occurrence_id,measureValueCompleteness,0,,,,
PROCEDURE_OCCURRENCE,procedure_source_concept_id,measureValueCompleteness,100,,,,
PROCEDURE_OCCURRENCE,procedure_source_value,measureValueCompleteness,100,,,,
PROCEDURE_OCCURRENCE,procedure_type_concept_id,measureValueCompleteness,0,,,,
PROCEDURE_OCCURRENCE,provider_id,measureValueCompleteness,100,,,,
PROCEDURE_OCCURRENCE,quantity,measureValueCompleteness,100,,,,
PROCEDURE_OCCURRENCE,visit_detail_id,measureValueCompleteness,100,,,,
PROCEDURE_OCCURRENCE,visit_occurrence_id,measureValueCompleteness,100,,,,
PROVIDER,care_site_id,measureValueCompleteness,100,,,,
PROVIDER,dea,measureValueCompleteness,100,,,,
PROVIDER,gender_concept_id,measureValueCompleteness,100,,,,
PROVIDER,gender_source_concept_id,measureValueCompleteness,100,,,,
PROVIDER,gender_source_value,measureValueCompleteness,100,,,,
PROVIDER,npi,measureValueCompleteness,100,,,,
PROVIDER,provider_id,measureValueCompleteness,0,,,,
PROVIDER,provider_name,measureValueCompleteness,100,,,,
PROVIDER,provider_source_value,measureValueCompleteness,100,,,,
PROVIDER,specialty_concept_id,measureValueCompleteness,100,,,,
PROVIDER,specialty_source_concept_id,measureValueCompleteness,100,,,,
PROVIDER,specialty_source_value,measureValueCompleteness,100,,,,
PROVIDER,year_of_birth,measureValueCompleteness,100,,,,
RELATIONSHIP,defines_ancestry,measureValueCompleteness,0,,,,
RELATIONSHIP,is_hierarchical,measureValueCompleteness,0,,,,
RELATIONSHIP,relationship_concept_id,measureValueCompleteness,0,,,,
RELATIONSHIP,relationship_id,measureValueCompleteness,0,,,,
RELATIONSHIP,relationship_name,measureValueCompleteness,0,,,,
RELATIONSHIP,reverse_relationship_id,measureValueCompleteness,0,,,,
SOURCE_TO_CONCEPT_MAP,invalid_reason,measureValueCompleteness,100,,,,
SOURCE_TO_CONCEPT_MAP,source_code,measureValueCompleteness,0,,,,
SOURCE_TO_CONCEPT_MAP,source_code_description,measureValueCompleteness,100,,,,
SOURCE_TO_CONCEPT_MAP,source_concept_id,measureValueCompleteness,0,,,,
SOURCE_TO_CONCEPT_MAP,source_vocabulary_id,measureValueCompleteness,0,,,,
SOURCE_TO_CONCEPT_MAP,target_concept_id,measureValueCompleteness,0,,,,
SOURCE_TO_CONCEPT_MAP,target_vocabulary_id,measureValueCompleteness,0,,,,
SOURCE_TO_CONCEPT_MAP,valid_end_date,measureValueCompleteness,0,,,,
SOURCE_TO_CONCEPT_MAP,valid_start_date,measureValueCompleteness,0,,,,
SPECIMEN,anatomic_site_concept_id,measureValueCompleteness,100,,,,
SPECIMEN,anatomic_site_source_value,measureValueCompleteness,100,,,,
SPECIMEN,disease_status_concept_id,measureValueCompleteness,100,,,,
SPECIMEN,disease_status_source_value,measureValueCompleteness,100,,,,
SPECIMEN,person_id,measureValueCompleteness,0,,,,
SPECIMEN,quantity,measureValueCompleteness,100,,,,
SPECIMEN,specimen_concept_id,measureValueCompleteness,0,,,,
SPECIMEN,specimen_date,measureValueCompleteness,0,,,,
SPECIMEN,specimen_datetime,measureValueCompleteness,100,,,,
SPECIMEN,specimen_id,measureValueCompleteness,0,,,,
SPECIMEN,specimen_source_id,measureValueCompleteness,100,,,,
SPECIMEN,specimen_source_value,measureValueCompleteness,100,,,,
SPECIMEN,specimen_type_concept_id,measureValueCompleteness,0,,,,
SPECIMEN,unit_concept_id,measureValueCompleteness,100,,,,
SPECIMEN,unit_source_value,measureValueCompleteness,100,,,,
VISIT_DETAIL,admitted_from_concept_id,measureValueCompleteness,100,,,,
VISIT_DETAIL,admitted_from_source_value,measureValueCompleteness,100,,,,
VISIT_DETAIL,care_site_id,measureValueCompleteness,100,,,,
VISIT_DETAIL,discharged_to_concept_id,measureValueCompleteness,100,,,,
VISIT_DETAIL,discharged_to_source_value,measureValueCompleteness,100,,,,
VISIT_DETAIL,parent_visit_detail_id,measureValueCompleteness,100,,,,
VISIT_DETAIL,person_id,measureValueCompleteness,0,,,,
VISIT_DETAIL,preceding_visit_detail_id,measureValueCompleteness,100,,,,
VISIT_DETAIL,provider_id,measureValueCompleteness,100,,,,
VISIT_DETAIL,visit_detail_concept_id,measureValueCompleteness,0,,,,
VISIT_DETAIL,visit_detail_end_date,measureValueCompleteness,0,,,,
VISIT_DETAIL,visit_detail_end_datetime,measureValueCompleteness,100,,,,
VISIT_DETAIL,visit_detail_id,measureValueCompleteness,0,,,,
VISIT_DETAIL,visit_detail_source_concept_id,measureValueCompleteness,100,,,,
VISIT_DETAIL,visit_detail_source_value,measureValueCompleteness,100,,,,
VISIT_DETAIL,visit_detail_start_date,measureValueCompleteness,0,,,,
VISIT_DETAIL,visit_detail_start_datetime,measureValueCompleteness,100,,,,
VISIT_DETAIL,visit_detail_type_concept_id,measureValueCompleteness,0,,,,
VISIT_DETAIL,visit_occurrence_id,measureValueCompleteness,0,,,,
VISIT_OCCURRENCE,admitted_from_concept_id,measureValueCompleteness,100,,,,
VISIT_OCCURRENCE,admitted_from_source_value,measureValueCompleteness,100,,,,
VISIT_OCCURRENCE,care_site_id,measureValueCompleteness,100,,,,
VISIT_OCCURRENCE,discharged_to_concept_id,measureValueCompleteness,100,,,,
VISIT_OCCURRENCE,discharged_to_source_value,measureValueCompleteness,100,,,,
VISIT_OCCURRENCE,person_id,measureValueCompleteness,0,,,,
VISIT_OCCURRENCE,preceding_visit_occurrence_id,measureValueCompleteness,100,,,,
VISIT_OCCURRENCE,provider_id,measureValueCompleteness,100,,,,
VISIT_OCCURRENCE,visit_concept_id,measureValueCompleteness,0,,,,
VISIT_OCCURRENCE,visit_end_date,measureValueCompleteness,0,,,,
VISIT_OCCURRENCE,visit_end_datetime,measureValueCompleteness,100,,,,
VISIT_OCCURRENCE,visit_occurrence_id,measureValueCompleteness,0,,,,
VISIT_OCCURRENCE,visit_source_concept_id,measureValueCompleteness,100,,,,
VISIT_OCCURRENCE,visit_source_value,measureValueCompleteness,100,,,,
VISIT_OCCURRENCE,visit_start_date,measureValueCompleteness,0,,,,
VISIT_OCCURRENCE,visit_start_datetime,measureValueCompleteness,100,,,,
VISIT_OCCURRENCE,visit_type_concept_id,measureValueCompleteness,0,,,,
VOCABULARY,vocabulary_concept_id,measureValueCompleteness,0,,,,
VOCABULARY,vocabulary_id,measureValueCompleteness,0,,,,
VOCABULARY,vocabulary_name,measureValueCompleteness,0,,,,
VOCABULARY,vocabulary_reference,measureValueCompleteness,100,,,,
VOCABULARY,vocabulary_version,measureValueCompleteness,100,,,,
CARE_SITE,place_of_service_concept_id,standardConceptRecordCompleteness,100,,,,
CONDITION_ERA,condition_concept_id,standardConceptRecordCompleteness,0,,,,
CONDITION_OCCURRENCE,condition_concept_id,standardConceptRecordCompleteness,5,,,,
CONDITION_OCCURRENCE,condition_status_concept_id,standardConceptRecordCompleteness,5,,,,
CONDITION_OCCURRENCE,condition_type_concept_id,standardConceptRecordCompleteness,0,,,,
COST,cost_type_concept_id,standardConceptRecordCompleteness,0,,,,
DEATH,cause_concept_id,standardConceptRecordCompleteness,5,,,,
DEATH,death_type_concept_id,standardConceptRecordCompleteness,0,,,,
DEVICE_EXPOSURE,device_concept_id,standardConceptRecordCompleteness,5,,,,
DEVICE_EXPOSURE,device_type_concept_id,standardConceptRecordCompleteness,0,,,,
DEVICE_EXPOSURE,unit_concept_id,standardConceptRecordCompleteness,5,,,,
DOSE_ERA,drug_concept_id,standardConceptRecordCompleteness,0,,,,
DOSE_ERA,unit_concept_id,standardConceptRecordCompleteness,0,,,,
DRUG_ERA,drug_concept_id,standardConceptRecordCompleteness,0,,,,
DRUG_EXPOSURE,drug_concept_id,standardConceptRecordCompleteness,5,,,,
DRUG_EXPOSURE,drug_type_concept_id,standardConceptRecordCompleteness,0,,,,
DRUG_EXPOSURE,route_concept_id,standardConceptRecordCompleteness,100,,,,
EPISODE,episode_concept_id,standardConceptRecordCompleteness,5,,,,
FACT_RELATIONSHIP,domain_concept_id_1,standardConceptRecordCompleteness,100,,,,
FACT_RELATIONSHIP,domain_concept_id_2,standardConceptRecordCompleteness,100,,,,
FACT_RELATIONSHIP,relationship_concept_id,standardConceptRecordCompleteness,100,,,,
LOCATION,country_concept_id,standardConceptRecordCompleteness,100,,,,
MEASUREMENT,measurement_concept_id,standardConceptRecordCompleteness,5,,,,
MEASUREMENT,measurement_type_concept_id,standardConceptRecordCompleteness,0,,,,
MEASUREMENT,unit_concept_id,standardConceptRecordCompleteness,5,,,,
OBSERVATION,observation_concept_id,standardConceptRecordCompleteness,5,,,,
OBSERVATION,observation_type_concept_id,standardConceptRecordCompleteness,0,,,,
OBSERVATION,unit_concept_id,standardConceptRecordCompleteness,5,,,,
OBSERVATION_PERIOD,period_type_concept_id,standardConceptRecordCompleteness,0,,,,
PERSON,ethnicity_concept_id,standardConceptRecordCompleteness,100,,,,
PERSON,gender_concept_id,standardConceptRecordCompleteness,5,,,,
PERSON,race_concept_id,standardConceptRecordCompleteness,100,,,,
PROCEDURE_OCCURRENCE,modifier_concept_id,standardConceptRecordCompleteness,100,,,,
PROCEDURE_OCCURRENCE,procedure_concept_id,standardConceptRecordCompleteness,5,,,,
PROCEDURE_OCCURRENCE,procedure_type_concept_id,standardConceptRecordCompleteness,0,,,,
PROVIDER,gender_concept_id,standardConceptRecordCompleteness,100,,,,
PROVIDER,specialty_concept_id,standardConceptRecordCompleteness,100,,,,
SPECIMEN,specimen_concept_id,standardConceptRecordCompleteness,5,,,,
SPECIMEN,specimen_type_concept_id,standardConceptRecordCompleteness,0,,,,
SPECIMEN,unit_concept_id,standardConceptRecordCompleteness,5,,,,
VISIT_DETAIL,admitted_from_concept_id,standardConceptRecordCompleteness,5,,,,
VISIT_DETAIL,discharged_to_concept_id,standardConceptRecordCompleteness,5,,,,
VISIT_DETAIL,visit_detail_concept_id,standardConceptRecordCompleteness,0,,,,
VISIT_DETAIL,visit_detail_type_concept_id,standardConceptRecordCompleteness,0,,,,
VISIT_OCCURRENCE,admitted_from_concept_id,standardConceptRecordCompleteness,5,,,,
VISIT_OCCURRENCE,discharged_to_concept_id,standardConceptRecordCompleteness,5,,,,
VISIT_OCCURRENCE,visit_concept_id,standardConceptRecordCompleteness,0,,,,
VISIT_OCCURRENCE,visit_type_concept_id,standardConceptRecordCompleteness,0,,,,
CONDITION_OCCURRENCE,condition_source_concept_id,sourceConceptRecordCompleteness,10,,,,
DEATH,cause_source_concept_id,sourceConceptRecordCompleteness,10,,,,
DEVICE_EXPOSURE,device_source_concept_id,sourceConceptRecordCompleteness,10,,,,
DEVICE_EXPOSURE,unit_source_concept_id,sourceConceptRecordCompleteness,100,,,,
DRUG_EXPOSURE,drug_source_concept_id,sourceConceptRecordCompleteness,10,,,,
EPISODE,episode_source_concept_id,sourceConceptRecordCompleteness,100,,,,
MEASUREMENT,measurement_source_concept_id,sourceConceptRecordCompleteness,10,,,,
MEASUREMENT,unit_source_concept_id,sourceConceptRecordCompleteness,100,,,,
OBSERVATION,observation_source_concept_id,sourceConceptRecordCompleteness,10,,,,
PROCEDURE_OCCURRENCE,procedure_source_concept_id,sourceConceptRecordCompleteness,10,,,,
PROVIDER,specialty_source_concept_id,sourceConceptRecordCompleteness,100,,,,
VISIT_DETAIL,visit_detail_source_concept_id,sourceConceptRecordCompleteness,100,,,,
VISIT_OCCURRENCE,visit_source_concept_id,sourceConceptRecordCompleteness,100,,,,
CONDITION_OCCURRENCE,condition_source_value,sourceValueCompleteness,10,,,CONDITION_CONCEPT_ID,
CONDITION_OCCURRENCE,condition_status_source_value,sourceValueCompleteness,100,,,CONDITION_STATUS_CONCEPT_ID,
DEATH,cause_source_value,sourceValueCompleteness,10,,,CAUSE_SOURCE_CONCEPT_ID,
DEVICE_EXPOSURE,device_source_value,sourceValueCompleteness,100,,,DEVICE_CONCEPT_ID,
DEVICE_EXPOSURE,unit_source_value,sourceValueCompleteness,100,,,UNIT_CONCEPT_ID,
DRUG_EXPOSURE,drug_source_value,sourceValueCompleteness,10,,,DRUG_CONCEPT_ID,
DRUG_EXPOSURE,route_source_value,sourceValueCompleteness,100,,,ROUTE_CONCEPT_ID,
MEASUREMENT,measurement_source_value,sourceValueCompleteness,10,,,MEASUREMENT_CONCEPT_ID,
MEASUREMENT,unit_source_value,sourceValueCompleteness,100,,,UNIT_CONCEPT_ID,
OBSERVATION,observation_source_value,sourceValueCompleteness,100,,,OBSERVATION_CONCEPT_ID,
OBSERVATION,qualifier_source_value,sourceValueCompleteness,100,,,QUALIFIER_CONCEPT_ID,
OBSERVATION,unit_source_value,sourceValueCompleteness,100,,,UNIT_CONCEPT_ID,
PAYER_PLAN_PERIOD,payer_source_value,sourceValueCompleteness,100,,,PAYER_CONCEPT_ID,
PAYER_PLAN_PERIOD,plan_source_value,sourceValueCompleteness,100,,,PLAN_CONCEPT_ID,
PAYER_PLAN_PERIOD,sponsor_source_value,sourceValueCompleteness,100,,,SPONSOR_CONCEPT_ID,
PAYER_PLAN_PERIOD,stop_reason_source_value,sourceValueCompleteness,100,,,STOP_REASON_CONCEPT_ID,
PERSON,ethnicity_source_value,sourceValueCompleteness,100,,,ETHNICITY_CONCEPT_ID,
PERSON,gender_source_value,sourceValueCompleteness,100,,,GENDER_CONCEPT_ID,
PERSON,race_source_value,sourceValueCompleteness,100,,,RACE_CONCEPT_ID,
PROCEDURE_OCCURRENCE,modifier_source_value,sourceValueCompleteness,100,,,MODIFIER_CONCEPT_ID,
PROCEDURE_OCCURRENCE,procedure_source_value,sourceValueCompleteness,10,,,PROCEDURE_CONCEPT_ID,
PROVIDER,gender_source_value,sourceValueCompleteness,100,,,GENDER_CONCEPT_ID,
PROVIDER,specialty_source_value,sourceValueCompleteness,100,,,SPECIALTY_CONCEPT_ID,
SPECIMEN,anatomic_site_source_value,sourceValueCompleteness,100,,,ANATOMIC_SITE_CONCEPT_ID,
SPECIMEN,disease_status_source_value,sourceValueCompleteness,100,,,DISEASE_STATUS_CONCEPT_ID,
SPECIMEN,specimen_source_value,sourceValueCompleteness,100,,,SPECIMEN_CONCEPT_ID,
SPECIMEN,unit_source_value,sourceValueCompleteness,100,,,UNIT_CONCEPT_ID,
VISIT_DETAIL,admitted_from_source_value,sourceValueCompleteness,100,,,ADMITTED_FROM_CONCEPT_ID,
VISIT_DETAIL,discharged_to_source_value,sourceValueCompleteness,100,,,DISCHARGED_TO_CONCEPT_ID,
VISIT_OCCURRENCE,admitted_from_source_value,sourceValueCompleteness,100,,,ADMITTED_FROM_CONCEPT_ID,
VISIT_OCCURRENCE,discharged_to_source_value,sourceValueCompleteness,100,,,DISCHARGED_TO_CONCEPT_ID,
VISIT_OCCURRENCE,visit_source_value,sourceValueCompleteness,10,,,VISIT_CONCEPT_ID,
CDM_SOURCE,cdm_release_date,plausibleValueLow,1,'20000101',,,
CDM_SOURCE,source_release_date,plausibleValueLow,1,'20000101',,,
COHORT,cohort_end_date,plausibleValueLow,1,'19500101',,,
COHORT,cohort_start_date,plausibleValueLow,1,'19500101',,,
CONDITION_ERA,condition_era_end_date,plausibleValueLow,1,'19500101',,,
CONDITION_ERA,condition_era_start_date,plausibleValueLow,1,'19500101',,,
CONDITION_ERA,condition_occurrence_count,plausibleValueLow,1,1,,,
CONDITION_OCCURRENCE,condition_end_date,plausibleValueLow,1,'19500101',,,
CONDITION_OCCURRENCE,condition_end_datetime,plausibleValueLow,1,'19500101',,,
CONDITION_OCCURRENCE,condition_start_date,plausibleValueLow,1,'19500101',,,
CONDITION_OCCURRENCE,condition_start_datetime,plausibleValueLow,1,'19500101',,,
DEATH,death_date,plausibleValueLow,1,'19500101',,,
DEATH,death_datetime,plausibleValueLow,1,'19500101',,,
DEVICE_EXPOSURE,device_exposure_end_date,plausibleValueLow,1,'19500101',,,
DEVICE_EXPOSURE,device_exposure_end_datetime,plausibleValueLow,1,'19500101',,,
DEVICE_EXPOSURE,device_exposure_start_date,plausibleValueLow,1,'19500101',,,
DEVICE_EXPOSURE,device_exposure_start_datetime,plausibleValueLow,1,'19500101',,,
DEVICE_EXPOSURE,quantity,plausibleValueLow,1,1,,,
DOSE_ERA,dose_era_end_date,plausibleValueLow,1,'19500101',,,
DOSE_ERA,dose_era_start_date,plausibleValueLow,1,'19500101',,,
DOSE_ERA,dose_value,plausibleValueLow,1,0,,,
DRUG_ERA,drug_era_end_date,plausibleValueLow,1,'19500101',,,
DRUG_ERA,drug_era_start_date,plausibleValueLow,1,'19500101',,,
DRUG_ERA,drug_exposure_count,plausibleValueLow,1,1,,,
DRUG_ERA,gap_days,plausibleValueLow,1,0,,,
DRUG_EXPOSURE,days_supply,plausibleValueLow,1,1,,,
DRUG_EXPOSURE,drug_exposure_end_date,plausibleValueLow,1,'19500101',,,
DRUG_EXPOSURE,drug_exposure_end_datetime,plausibleValueLow,1,'19500101',,,
DRUG_EXPOSURE,drug_exposure_start_date,plausibleValueLow,1,'19500101',,,
DRUG_EXPOSURE,drug_exposure_start_datetime,plausibleValueLow,1,'19500101',,,
DRUG_EXPOSURE,quantity,plausibleValueLow,1,0.0000001,,,
DRUG_EXPOSURE,refills,plausibleValueLow,1,0,,,
DRUG_EXPOSURE,verbatim_end_date,plausibleValueLow,1,'19500101',,,
EPISODE,episode_end_date,plausibleValueLow,1,'19500101',,,
EPISODE,episode_end_datetime,plausibleValueLow,1,'19500101',,,
EPISODE,episode_start_date,plausibleValueLow,1,'19500101',,,
EPISODE,episode_start_datetime,plausibleValueLow,1,'19500101',,,
MEASUREMENT,measurement_date,plausibleValueLow,1,'19500101',,,
MEASUREMENT,measurement_datetime,plausibleValueLow,1,'19500101',,,
NOTE,note_date,plausibleValueLow,1,'19500101',,,
NOTE,note_datetime,plausibleValueLow,1,'19500101',,,
NOTE_NLP,nlp_datetime,plausibleValueLow,1,'19500101',,,
OBSERVATION,observation_date,plausibleValueLow,1,'19500101',,,
OBSERVATION,observation_datetime,plausibleValueLow,1,'19500101',,,
OBSERVATION_PERIOD,observation_period_end_date,plausibleValueLow,1,'19500101',,,
OBSERVATION_PERIOD,observation_period_start_date,plausibleValueLow,1,'19500101',,,
PAYER_PLAN_PERIOD,payer_plan_period_end_date,plausibleValueLow,1,'19500101',,,
PAYER_PLAN_PERIOD,payer_plan_period_start_date,plausibleValueLow,1,'19500101',,,
PERSON,birth_datetime,plausibleValueLow,1,'18500101',,,
PERSON,day_of_birth,plausibleValueLow,1,1,,,
PERSON,month_of_birth,plausibleValueLow,1,1,,,
PERSON,year_of_birth,plausibleValueLow,1,1850,,,
PROCEDURE_OCCURRENCE,procedure_date,plausibleValueLow,1,'19500101',,,
PROCEDURE_OCCURRENCE,procedure_datetime,plausibleValueLow,1,'19500101',,,
PROCEDURE_OCCURRENCE,procedure_end_date,plausibleValueLow,1,'19500101',,,
PROCEDURE_OCCURRENCE,procedure_end_datetime,plausibleValueLow,1,'19500101',,,
PROCEDURE_OCCURRENCE,quantity,plausibleValueLow,1,1,,,
SPECIMEN,quantity,plausibleValueLow,1,1,,,
SPECIMEN,specimen_date,plausibleValueLow,1,'19500101',,,
SPECIMEN,specimen_datetime,plausibleValueLow,1,'19500101',,,
VISIT_DETAIL,visit_detail_end_date,plausibleValueLow,1,'19500101',,,
VISIT_DETAIL,visit_detail_end_datetime,plausibleValueLow,1,'19500101',,,
VISIT_DETAIL,visit_detail_start_date,plausibleValueLow,1,'19500101',,,
VISIT_DETAIL,visit_detail_start_datetime,plausibleValueLow,1,'19500101',,,
VISIT_OCCURRENCE,visit_end_date,plausibleValueLow,1,'19500101',,,
VISIT_OCCURRENCE,visit_end_datetime,plausibleValueLow,1,'19500101',,,
VISIT_OCCURRENCE,visit_start_date,plausibleValueLow,1,'19500101',,,
VISIT_OCCURRENCE,visit_start_datetime,plausibleValueLow,1,'19500101',,,
CDM_SOURCE,cdm_release_date,plausibleValueHigh,1,"DATEADD(dd,1,GETDATE())",,,
CDM_SOURCE,source_release_date,plausibleValueHigh,1,"DATEADD(dd,1,GETDATE())",,,
COHORT,cohort_end_date,plausibleValueHigh,1,"DATEADD(dd,1,GETDATE())",,,
COHORT,cohort_start_date,plausibleValueHigh,1,"DATEADD(dd,1,GETDATE())",,,
CONDITION_ERA,condition_era_end_date,plausibleValueHigh,1,"DATEADD(dd,1,GETDATE())",,,
CONDITION_ERA,condition_era_start_date,plausibleValueHigh,1,"DATEADD(dd,1,GETDATE())",,,
CONDITION_OCCURRENCE,condition_end_date,plausibleValueHigh,1,"DATEADD(dd,1,GETDATE())",,,
CONDITION_OCCURRENCE,condition_end_datetime,plausibleValueHigh,1,"DATEADD(dd,1,GETDATE())",,,
CONDITION_OCCURRENCE,condition_start_date,plausibleValueHigh,1,"DATEADD(dd,1,GETDATE())",,,
CONDITION_OCCURRENCE,condition_start_datetime,plausibleValueHigh,1,"DATEADD(dd,1,GETDATE())",,,
DEATH,death_date,plausibleValueHigh,1,"DATEADD(dd,1,GETDATE())",,,
DEATH,death_datetime,plausibleValueHigh,1,"DATEADD(dd,1,GETDATE())",,,
DEVICE_EXPOSURE,device_exposure_end_date,plausibleValueHigh,1,"DATEADD(dd,1,GETDATE())",,,
DEVICE_EXPOSURE,device_exposure_end_datetime,plausibleValueHigh,1,"DATEADD(dd,1,GETDATE())",,,
DEVICE_EXPOSURE,device_exposure_start_date,plausibleValueHigh,1,"DATEADD(dd,1,GETDATE())",,,
DEVICE_EXPOSURE,device_exposure_start_datetime,plausibleValueHigh,1,"DATEADD(dd,1,GETDATE())",,,
DOSE_ERA,dose_era_end_date,plausibleValueHigh,1,"DATEADD(dd,1,GETDATE())",,,
DOSE_ERA,dose_era_start_date,plausibleValueHigh,1,"DATEADD(dd,1,GETDATE())",,,
DRUG_ERA,drug_era_end_date,plausibleValueHigh,1,"DATEADD(dd,1,GETDATE())",,,
DRUG_ERA,drug_era_start_date,plausibleValueHigh,1,"DATEADD(dd,1,GETDATE())",,,
DRUG_EXPOSURE,days_supply,plausibleValueHigh,1,365,,,
DRUG_EXPOSURE,drug_exposure_end_date,plausibleValueHigh,1,"DATEADD(dd,1,GETDATE())",,,
DRUG_EXPOSURE,drug_exposure_end_datetime,plausibleValueHigh,1,"DATEADD(dd,1,GETDATE())",,,
DRUG_EXPOSURE,drug_exposure_start_date,plausibleValueHigh,1,"DATEADD(dd,1,GETDATE())",,,
DRUG_EXPOSURE,drug_exposure_start_datetime,plausibleValueHigh,1,"DATEADD(dd,1,GETDATE())",,,
DRUG_EXPOSURE,refills,plausibleValueHigh,1,24,,,
DRUG_EXPOSURE,verbatim_end_date,plausibleValueHigh,1,"DATEADD(dd,1,GETDATE())",,,
EPISODE,episode_end_date,plausibleValueHigh,1,"DATEADD(dd,1,GETDATE())",,,
EPISODE,episode_end_datetime,plausibleValueHigh,1,"DATEADD(dd,1,GETDATE())",,,
EPISODE,episode_start_date,plausibleValueHigh,1,"DATEADD(dd,1,GETDATE())",,,
EPISODE,episode_start_datetime,plausibleValueHigh,1,"DATEADD(dd,1,GETDATE())",,,
MEASUREMENT,measurement_date,plausibleValueHigh,1,"DATEADD(dd,1,GETDATE())",,,
MEASUREMENT,measurement_datetime,plausibleValueHigh,1,"DATEADD(dd,1,GETDATE())",,,
NOTE,note_date,plausibleValueHigh,1,"DATEADD(dd,1,GETDATE())",,,
NOTE,note_datetime,plausibleValueHigh,1,"DATEADD(dd,1,GETDATE())",,,
NOTE_NLP,nlp_datetime,plausibleValueHigh,1,"DATEADD(dd,1,GETDATE())",,,
OBSERVATION,observation_date,plausibleValueHigh,1,"DATEADD(dd,1,GETDATE())",,,
OBSERVATION,observation_datetime,plausibleValueHigh,1,"DATEADD(dd,1,GETDATE())",,,
OBSERVATION_PERIOD,observation_period_end_date,plausibleValueHigh,1,"DATEADD(dd,1,GETDATE())",,,
OBSERVATION_PERIOD,observation_period_start_date,plausibleValueHigh,1,"DATEADD(dd,1,GETDATE())",,,
PAYER_PLAN_PERIOD,payer_plan_period_end_date,plausibleValueHigh,1,"DATEADD(dd,1,GETDATE())",,,
PAYER_PLAN_PERIOD,payer_plan_period_start_date,plausibleValueHigh,1,"DATEADD(dd,1,GETDATE())",,,
PERSON,birth_datetime,plausibleValueHigh,1,"DATEADD(dd,1,GETDATE())",,,
PERSON,day_of_birth,plausibleValueHigh,1,31,,,
PERSON,month_of_birth,plausibleValueHigh,1,12,,,
PERSON,year_of_birth,plausibleValueHigh,1,YEAR(GETDATE())+1,,,
PROCEDURE_OCCURRENCE,procedure_date,plausibleValueHigh,1,"DATEADD(dd,1,GETDATE())",,,
PROCEDURE_OCCURRENCE,procedure_datetime,plausibleValueHigh,1,"DATEADD(dd,1,GETDATE())",,,
PROCEDURE_OCCURRENCE,procedure_end_date,plausibleValueHigh,1,"DATEADD(dd,1,GETDATE())",,,
PROCEDURE_OCCURRENCE,procedure_end_datetime,plausibleValueHigh,1,"DATEADD(dd,1,GETDATE())",,,
SPECIMEN,specimen_date,plausibleValueHigh,1,"DATEADD(dd,1,GETDATE())",,,
SPECIMEN,specimen_datetime,plausibleValueHigh,1,"DATEADD(dd,1,GETDATE())",,,
VISIT_DETAIL,visit_detail_end_date,plausibleValueHigh,1,"DATEADD(dd,1,GETDATE())",,,
VISIT_DETAIL,visit_detail_end_datetime,plausibleValueHigh,1,"DATEADD(dd,1,GETDATE())",,,
VISIT_DETAIL,visit_detail_start_date,plausibleValueHigh,1,"DATEADD(dd,1,GETDATE())",,,
VISIT_DETAIL,visit_detail_start_datetime,plausibleValueHigh,1,"DATEADD(dd,1,GETDATE())",,,
VISIT_OCCURRENCE,visit_end_date,plausibleValueHigh,1,"DATEADD(dd,1,GETDATE())",,,
VISIT_OCCURRENCE,visit_end_datetime,plausibleValueHigh,1,"DATEADD(dd,1,GETDATE())",,,
VISIT_OCCURRENCE,visit_start_date,plausibleValueHigh,1,"DATEADD(dd,1,GETDATE())",,,
VISIT_OCCURRENCE,visit_start_datetime,plausibleValueHigh,1,"DATEADD(dd,1,GETDATE())",,,
CDM_SOURCE,cdm_release_date,plausibleTemporalAfter,0,,CDM_SOURCE,SOURCE_RELEASE_DATE,
CONCEPT,valid_end_date,plausibleTemporalAfter,0,,CONCEPT,VALID_START_DATE,
CONCEPT_RELATIONSHIP,valid_end_date,plausibleTemporalAfter,0,,CONCEPT_RELATIONSHIP,VALID_START_DATE,
CONDITION_ERA,condition_era_end_date,plausibleTemporalAfter,1,,CONDITION_ERA,CONDITION_ERA_START_DATE,
CONDITION_ERA,condition_era_start_date,plausibleTemporalAfter,1,,PERSON,BIRTH_DATETIME,
CONDITION_OCCURRENCE,condition_end_date,plausibleTemporalAfter,1,,CONDITION_OCCURRENCE,CONDITION_START_DATE,
CONDITION_OCCURRENCE,condition_end_datetime,plausibleTemporalAfter,1,,CONDITION_OCCURRENCE,CONDITION_START_DATETIME,
CONDITION_OCCURRENCE,condition_start_date,plausibleTemporalAfter,1,,PERSON,BIRTH_DATETIME,
CONDITION_OCCURRENCE,condition_start_datetime,plausibleTemporalAfter,1,,PERSON,BIRTH_DATETIME,
DEATH,death_date,plausibleTemporalAfter,1,,PERSON,BIRTH_DATETIME,
DEATH,death_datetime,plausibleTemporalAfter,1,,PERSON,BIRTH_DATETIME,
DEVICE_EXPOSURE,device_exposure_end_date,plausibleTemporalAfter,1,,DEVICE_EXPOSURE,DEVICE_EXPOSURE_START_DATE,
DEVICE_EXPOSURE,device_exposure_end_datetime,plausibleTemporalAfter,1,,DEVICE_EXPOSURE,DEVICE_EXPOSURE_START_DATETIME,
DEVICE_EXPOSURE,device_exposure_start_date,plausibleTemporalAfter,1,,PERSON,BIRTH_DATETIME,
DEVICE_EXPOSURE,device_exposure_start_datetime,plausibleTemporalAfter,1,,PERSON,BIRTH_DATETIME,
DOSE_ERA,dose_era_end_date,plausibleTemporalAfter,1,,PERSON,BIRTH_DATETIME,
DOSE_ERA,dose_era_start_date,plausibleTemporalAfter,1,,PERSON,BIRTH_DATETIME,
DRUG_ERA,drug_era_end_date,plausibleTemporalAfter,1,,DRUG_ERA,DRUG_ERA_START_DATE,
DRUG_ERA,drug_era_start_date,plausibleTemporalAfter,1,,PERSON,BIRTH_DATETIME,
DRUG_EXPOSURE,drug_exposure_end_date,plausibleTemporalAfter,1,,DRUG_EXPOSURE,DRUG_EXPOSURE_START_DATE,
DRUG_EXPOSURE,drug_exposure_end_datetime,plausibleTemporalAfter,1,,DRUG_EXPOSURE,DRUG_EXPOSURE_START_DATETIME,
DRUG_EXPOSURE,drug_exposure_start_date,plausibleTemporalAfter,1,,PERSON,BIRTH_DATETIME,
DRUG_EXPOSURE,drug_exposure_start_datetime,plausibleTemporalAfter,1,,PERSON,BIRTH_DATETIME,
DRUG_EXPOSURE,verbatim_end_date,plausibleTemporalAfter,1,,DRUG_EXPOSURE,DRUG_EXPOSURE_START_DATE,
DRUG_STRENGTH,valid_end_date,plausibleTemporalAfter,0,,DRUG_STRENGTH,VALID_START_DATE,
EPISODE,episode_end_date,plausibleTemporalAfter,1,,EPISODE,EPISODE_START_DATE,
EPISODE,episode_end_datetime,plausibleTemporalAfter,1,,EPISODE,EPISODE_START_DATETIME,
EPISODE,episode_start_date,plausibleTemporalAfter,1,,PERSON,BIRTH_DATETIME,
EPISODE,episode_start_datetime,plausibleTemporalAfter,1,,PERSON,BIRTH_DATETIME,
MEASUREMENT,measurement_date,plausibleTemporalAfter,1,,PERSON,BIRTH_DATETIME,
NOTE,note_date,plausibleTemporalAfter,1,,PERSON,BIRTH_DATETIME,
NOTE,note_datetime,plausibleTemporalAfter,1,,PERSON,BIRTH_DATETIME,
OBSERVATION,observation_date,plausibleTemporalAfter,1,,PERSON,BIRTH_DATETIME,
OBSERVATION,observation_datetime,plausibleTemporalAfter,1,,PERSON,BIRTH_DATETIME,
OBSERVATION_PERIOD,observation_period_end_date,plausibleTemporalAfter,1,,OBSERVATION_PERIOD,OBSERVATION_PERIOD_START_DATE,
OBSERVATION_PERIOD,observation_period_start_date,plausibleTemporalAfter,1,,PERSON,BIRTH_DATETIME,
PAYER_PLAN_PERIOD,payer_plan_period_end_date,plausibleTemporalAfter,1,,PAYER_PLAN_PERIOD,PAYER_PLAN_PERIOD_START_DATE,
PAYER_PLAN_PERIOD,payer_plan_period_start_date,plausibleTemporalAfter,1,,PERSON,BIRTH_DATETIME,
PROCEDURE_OCCURRENCE,procedure_date,plausibleTemporalAfter,1,,PERSON,BIRTH_DATETIME,
PROCEDURE_OCCURRENCE,procedure_datetime,plausibleTemporalAfter,1,,PERSON,BIRTH_DATETIME,
PROCEDURE_OCCURRENCE,procedure_end_date,plausibleTemporalAfter,1,,PROCEDURE_OCCURRENCE,PROCEDURE_DATE,
PROCEDURE_OCCURRENCE,procedure_end_datetime,plausibleTemporalAfter,1,,PROCEDURE_OCCURRENCE,PROCEDURE_DATETIME,
SOURCE_TO_CONCEPT_MAP,valid_end_date,plausibleTemporalAfter,0,,SOURCE_TO_CONCEPT_MAP,VALID_START_DATE,
SPECIMEN,specimen_date,plausibleTemporalAfter,1,,PERSON,BIRTH_DATETIME,
SPECIMEN,specimen_datetime,plausibleTemporalAfter,1,,PERSON,BIRTH_DATETIME,
VISIT_DETAIL,visit_detail_end_date,plausibleTemporalAfter,1,,VISIT_DETAIL,VISIT_DETAIL_START_DATE,
VISIT_DETAIL,visit_detail_end_datetime,plausibleTemporalAfter,1,,VISIT_DETAIL,VISIT_DETAIL_START_DATETIME,
VISIT_DETAIL,visit_detail_start_date,plausibleTemporalAfter,1,,PERSON,BIRTH_DATETIME,
VISIT_DETAIL,visit_detail_start_datetime,plausibleTemporalAfter,1,,PERSON,BIRTH_DATETIME,
VISIT_OCCURRENCE,visit_end_date,plausibleTemporalAfter,1,,VISIT_OCCURRENCE,VISIT_START_DATE,
VISIT_OCCURRENCE,visit_end_datetime,plausibleTemporalAfter,1,,VISIT_OCCURRENCE,VISIT_START_DATETIME,
VISIT_OCCURRENCE,visit_start_date,plausibleTemporalAfter,1,,PERSON,BIRTH_DATETIME,
VISIT_OCCURRENCE,visit_start_datetime,plausibleTemporalAfter,1,,PERSON,BIRTH_DATETIME,
CONDITION_ERA,condition_era_start_date,plausibleDuringLife,1,,,,
CONDITION_OCCURRENCE,condition_end_date,plausibleDuringLife,1,,,,
CONDITION_OCCURRENCE,condition_end_datetime,plausibleDuringLife,1,,,,
CONDITION_OCCURRENCE,condition_start_date,plausibleDuringLife,1,,,,
CONDITION_OCCURRENCE,condition_start_datetime,plausibleDuringLife,1,,,,
DEVICE_EXPOSURE,device_exposure_end_date,plausibleDuringLife,1,,,,
DEVICE_EXPOSURE,device_exposure_end_datetime,plausibleDuringLife,1,,,,
DEVICE_EXPOSURE,device_exposure_start_date,plausibleDuringLife,1,,,,
DEVICE_EXPOSURE,device_exposure_start_datetime,plausibleDuringLife,1,,,,
DOSE_ERA,dose_era_start_date,plausibleDuringLife,1,,,,
DRUG_ERA,drug_era_start_date,plausibleDuringLife,1,,,,
DRUG_EXPOSURE,drug_exposure_end_date,plausibleDuringLife,1,,,,
DRUG_EXPOSURE,drug_exposure_end_datetime,plausibleDuringLife,1,,,,
DRUG_EXPOSURE,drug_exposure_start_date,plausibleDuringLife,1,,,,
DRUG_EXPOSURE,drug_exposure_start_datetime,plausibleDuringLife,1,,,,
DRUG_EXPOSURE,verbatim_end_date,plausibleDuringLife,1,,,,
EPISODE,episode_end_date,plausibleDuringLife,1,,,,
EPISODE,episode_end_datetime,plausibleDuringLife,1,,,,
EPISODE,episode_start_date,plausibleDuringLife,1,,,,
EPISODE,episode_start_datetime,plausibleDuringLife,1,,,,
OBSERVATION_PERIOD,observation_period_end_date,plausibleDuringLife,1,,,,
OBSERVATION_PERIOD,observation_period_start_date,plausibleDuringLife,1,,,,
PROCEDURE_OCCURRENCE,procedure_date,plausibleDuringLife,1,,,,
PROCEDURE_OCCURRENCE,procedure_datetime,plausibleDuringLife,1,,,,
PROCEDURE_OCCURRENCE,procedure_end_date,plausibleDuringLife,1,,,,
PROCEDURE_OCCURRENCE,procedure_end_datetime,plausibleDuringLife,1,,,,
VISIT_DETAIL,visit_detail_end_date,plausibleDuringLife,1,,,,
VISIT_DETAIL,visit_detail_end_datetime,plausibleDuringLife,1,,,,
VISIT_DETAIL,visit_detail_start_date,plausibleDuringLife,1,,,,
VISIT_DETAIL,visit_detail_start_datetime,plausibleDuringLife,1,,,,
VISIT_OCCURRENCE,visit_end_date,plausibleDuringLife,1,,,,
VISIT_OCCURRENCE,visit_end_datetime,plausibleDuringLife,1,,,,
VISIT_OCCURRENCE,visit_start_date,plausibleDuringLife,1,,,,
VISIT_OCCURRENCE,visit_start_datetime,plausibleDuringLife,1,,,,
CDM_SOURCE,source_release_date,plausibleStartBeforeEnd,0,,,SOURCE_RELEASE_DATE,
CONCEPT,valid_start_date,plausibleStartBeforeEnd,0,,,VALID_END_DATE,
CONCEPT_RELATIONSHIP,valid_start_date,plausibleStartBeforeEnd,0,,,VALID_END_DATE,
CONDITION_ERA,condition_era_start_date,plausibleStartBeforeEnd,1,,,CONDITION_ERA_END_DATE,
CONDITION_OCCURRENCE,condition_start_date,plausibleStartBeforeEnd,1,,,CONDITION_END_DATE,
CONDITION_OCCURRENCE,condition_start_datetime,plausibleStartBeforeEnd,1,,,CONDITION_END_DATETIME,
DEVICE_EXPOSURE,device_exposure_start_date,plausibleStartBeforeEnd,1,,,DEVICE_EXPOSURE_END_DATE,
DEVICE_EXPOSURE,device_exposure_start_datetime,plausibleStartBeforeEnd,1,,,DEVICE_EXPOSURE_END_DATETIME,
DOSE_ERA,dose_era_start_date,plausibleStartBeforeEnd,1,,,DOSE_ERA_END_DATE,
DRUG_ERA,drug_era_start_date,plausibleStartBeforeEnd,1,,,DRUG_ERA_END_DATE,
DRUG_EXPOSURE,drug_exposure_start_date,plausibleStartBeforeEnd,1,,,DRUG_EXPOSURE_END_DATE,
DRUG_EXPOSURE,drug_exposure_start_datetime,plausibleStartBeforeEnd,1,,,DRUG_EXPOSURE_END_DATETIME,
DRUG_STRENGTH,valid_start_date,plausibleStartBeforeEnd,0,,,VALID_END_DATE,
EPISODE,episode_start_date,plausibleStartBeforeEnd,1,,,EPISODE_END_DATE,
EPISODE,episode_start_datetime,plausibleStartBeforeEnd,1,,,EPISODE_END_DATETIME,
OBSERVATION_PERIOD,observation_period_start_date,plausibleStartBeforeEnd,0,,,OBSERVATION_PERIOD_END_DATE,
PAYER_PLAN_PERIOD,payer_plan_period_start_date,plausibleStartBeforeEnd,1,,,PAYER_PLAN_PERIOD_END_DATE,
PROCEDURE_OCCURRENCE,procedure_date,plausibleStartBeforeEnd,1,,,PROCEDURE_END_DATE,
PROCEDURE_OCCURRENCE,procedure_datetime,plausibleStartBeforeEnd,1,,,PROCEDURE_END_DATETIME,
SOURCE_TO_CONCEPT_MAP,valid_start_date,plausibleStartBeforeEnd,0,,,VALID_END_DATE,
VISIT_DETAIL,visit_detail_start_date,plausibleStartBeforeEnd,1,,,VISIT_DETAIL_END_DATE,
VISIT_DETAIL,visit_detail_start_datetime,plausibleStartBeforeEnd,1,,,VISIT_DETAIL_END_DATETIME,
VISIT_OCCURRENCE,visit_start_date,plausibleStartBeforeEnd,1,,,VISIT_END_DATE,
VISIT_OCCURRENCE,visit_start_datetime,plausibleStartBeforeEnd,1,,,VISIT_END_DATETIME,
CONDITION_ERA,condition_era_end_date,plausibleAfterBirth,1,,,,
CONDITION_ERA,condition_era_start_date,plausibleAfterBirth,1,,,,
CONDITION_OCCURRENCE,condition_end_date,plausibleAfterBirth,1,,,,
CONDITION_OCCURRENCE,condition_end_datetime,plausibleAfterBirth,1,,,,
CONDITION_OCCURRENCE,condition_start_date,plausibleAfterBirth,1,,,,
CONDITION_OCCURRENCE,condition_start_datetime,plausibleAfterBirth,1,,,,
DEATH,death_date,plausibleAfterBirth,1,,,,
DEATH,death_datetime,plausibleAfterBirth,1,,,,
DEVICE_EXPOSURE,device_exposure_end_date,plausibleAfterBirth,1,,,,
DEVICE_EXPOSURE,device_exposure_end_datetime,plausibleAfterBirth,1,,,,
DEVICE_EXPOSURE,device_exposure_start_date,plausibleAfterBirth,1,,,,
DEVICE_EXPOSURE,device_exposure_start_datetime,plausibleAfterBirth,1,,,,
DOSE_ERA,dose_era_end_date,plausibleAfterBirth,1,,,,
DOSE_ERA,dose_era_start_date,plausibleAfterBirth,1,,,,
DRUG_ERA,drug_era_end_date,plausibleAfterBirth,1,,,,
DRUG_ERA,drug_era_start_date,plausibleAfterBirth,1,,,,
DRUG_EXPOSURE,drug_exposure_end_date,plausibleAfterBirth,1,,,,
DRUG_EXPOSURE,drug_exposure_end_datetime,plausibleAfterBirth,1,,,,
DRUG_EXPOSURE,drug_exposure_start_date,plausibleAfterBirth,1,,,,
DRUG_EXPOSURE,drug_exposure_start_datetime,plausibleAfterBirth,1,,,,
DRUG_EXPOSURE,verbatim_end_date,plausibleAfterBirth,1,,,,
EPISODE,episode_end_date,plausibleAfterBirth,1,,,,
EPISODE,episode_end_datetime,plausibleAfterBirth,1,,,,
EPISODE,episode_start_date,plausibleAfterBirth,1,,,,
EPISODE,episode_start_datetime,plausibleAfterBirth,1,,,,
MEASUREMENT,measurement_date,plausibleAfterBirth,1,,,,
MEASUREMENT,measurement_datetime,plausibleAfterBirth,1,,,,
NOTE,note_date,plausibleAfterBirth,1,,,,
NOTE,note_datetime,plausibleAfterBirth,1,,,,
OBSERVATION,observation_date,plausibleAfterBirth,1,,,,
OBSERVATION,observation_datetime,plausibleAfterBirth,1,,,,
OBSERVATION_PERIOD,observation_period_end_date,plausibleAfterBirth,1,,,,
OBSERVATION_PERIOD,observation_period_start_date,plausibleAfterBirth,1,,,,
PAYER_PLAN_PERIOD,payer_plan_period_end_date,plausibleAfterBirth,1,,,,
PAYER_PLAN_PERIOD,payer_plan_period_start_date,plausibleAfterBirth,1,,,,
PROCEDURE_OCCURRENCE,procedure_date,plausibleAfterBirth,1,,,,
PROCEDURE_OCCURRENCE,procedure_datetime,plausibleAfterBirth,1,,,,
PROCEDURE_OCCURRENCE,procedure_end_date,plausibleAfterBirth,1,,,,
PROCEDURE_OCCURRENCE,procedure_end_datetime,plausibleAfterBirth,1,,,,
SPECIMEN,specimen_date,plausibleAfterBirth,1,,,,
SPECIMEN,specimen_datetime,plausibleAfterBirth,1,,,,
VISIT_DETAIL,visit_detail_end_date,plausibleAfterBirth,1,,,,
VISIT_DETAIL,visit_detail_end_datetime,plausibleAfterBirth,1,,,,
VISIT_DETAIL,visit_detail_start_date,plausibleAfterBirth,1,,,,
VISIT_DETAIL,visit_detail_start_datetime,plausibleAfterBirth,1,,,,
VISIT_OCCURRENCE,visit_end_date,plausibleAfterBirth,1,,,,
VISIT_OCCURRENCE,visit_end_datetime,plausibleAfterBirth,1,,,,
VISIT_OCCURRENCE,visit_start_date,plausibleAfterBirth,1,,,,
VISIT_OCCURRENCE,visit_start_datetime,plausibleAfterBirth,1,,,,
CONDITION_ERA,condition_era_end_date,plausibleBeforeDeath,1,,,,
CONDITION_ERA,condition_era_start_date,plausibleBeforeDeath,1,,,,
CONDITION_OCCURRENCE,condition_end_date,plausibleBeforeDeath,1,,,,
CONDITION_OCCURRENCE,condition_end_datetime,plausibleBeforeDeath,1,,,,
CONDITION_OCCURRENCE,condition_start_date,plausibleBeforeDeath,1,,,,
CONDITION_OCCURRENCE,condition_start_datetime,plausibleBeforeDeath,1,,,,
DEVICE_EXPOSURE,device_exposure_end_date,plausibleBeforeDeath,1,,,,
DEVICE_EXPOSURE,device_exposure_end_datetime,plausibleBeforeDeath,1,,,,
DEVICE_EXPOSURE,device_exposure_start_date,plausibleBeforeDeath,1,,,,
DEVICE_EXPOSURE,device_exposure_start_datetime,plausibleBeforeDeath,1,,,,
DOSE_ERA,dose_era_end_date,plausibleBeforeDeath,1,,,,
DOSE_ERA,dose_era_start_date,plausibleBeforeDeath,1,,,,
DRUG_ERA,drug_era_end_date,plausibleBeforeDeath,1,,,,
DRUG_ERA,drug_era_start_date,plausibleBeforeDeath,1,,,,
DRUG_EXPOSURE,drug_exposure_end_date,plausibleBeforeDeath,1,,,,
DRUG_EXPOSURE,drug_exposure_end_datetime,plausibleBeforeDeath,1,,,,
DRUG_EXPOSURE,drug_exposure_start_date,plausibleBeforeDeath,1,,,,
DRUG_EXPOSURE,drug_exposure_start_datetime,plausibleBeforeDeath,1,,,,
DRUG_EXPOSURE,verbatim_end_date,plausibleBeforeDeath,1,,,,
EPISODE,episode_end_date,plausibleBeforeDeath,1,,,,
EPISODE,episode_end_datetime,plausibleBeforeDeath,1,,,,
EPISODE,episode_start_date,plausibleBeforeDeath,1,,,,
EPISODE,episode_start_datetime,plausibleBeforeDeath,1,,,,
MEASUREMENT,measurement_date,plausibleBeforeDeath,1,,,,
MEASUREMENT,measurement_datetime,plausibleBeforeDeath,1,,,,
NOTE,note_date,plausibleBeforeDeath,1,,,,
NOTE,note_datetime,plausibleBeforeDeath,1,,,,
OBSERVATION,observation_date,plausibleBeforeDeath,1,,,,
OBSERVATION,observation_datetime,plausibleBeforeDeath,1,,,,
OBSERVATION_PERIOD,observation_period_end_date,plausibleBeforeDeath,1,,,,
OBSERVATION_PERIOD,observation_period_start_date,plausibleBeforeDeath,1,,,,
PAYER_PLAN_PERIOD,payer_plan_period_end_date,plausibleBeforeDeath,1,,,,
PAYER_PLAN_PERIOD,payer_plan_period_start_date,plausibleBeforeDeath,1,,,,
PROCEDURE_OCCURRENCE,procedure_date,plausibleBeforeDeath,1,,,,
PROCEDURE_OCCURRENCE,procedure_datetime,plausibleBeforeDeath,1,,,,
PROCEDURE_OCCURRENCE,procedure_end_date,plausibleBeforeDeath,1,,,,
PROCEDURE_OCCURRENCE,procedure_end_datetime,plausibleBeforeDeath,1,,,,
SPECIMEN,specimen_date,plausibleBeforeDeath,1,,,,
SPECIMEN,specimen_datetime,plausibleBeforeDeath,1,,,,
VISIT_DETAIL,visit_detail_end_date,plausibleBeforeDeath,1,,,,
VISIT_DETAIL,visit_detail_end_datetime,plausibleBeforeDeath,1,,,,
VISIT_DETAIL,visit_detail_start_date,plausibleBeforeDeath,1,,,,
VISIT_DETAIL,visit_detail_start_datetime,plausibleBeforeDeath,1,,,,
VISIT_OCCURRENCE,visit_end_date,plausibleBeforeDeath,1,,,,
VISIT_OCCURRENCE,visit_end_datetime,plausibleBeforeDeath,1,,,,
VISIT_OCCURRENCE,visit_start_date,plausibleBeforeDeath,1,,,,
VISIT_OCCURRENCE,visit_start_datetime,plausibleBeforeDeath,1,,,,
CONDITION_OCCURRENCE,condition_start_date,withinVisitDates,5,,,,
DEVICE_EXPOSURE,device_exposure_start_date,withinVisitDates,5,,,,
DRUG_EXPOSURE,drug_exposure_start_date,withinVisitDates,5,,,,
MEASUREMENT,measurement_date,withinVisitDates,5,,,,
NOTE,note_date,withinVisitDates,5,,,,
OBSERVATION,observation_date,withinVisitDates,5,,,,
PROCEDURE_OCCURRENCE,procedure_date,withinVisitDates,5,,,,
VISIT_DETAIL,visit_detail_end_date,withinVisitDates,1,,,,
VISIT_DETAIL,visit_detail_start_date,withinVisitDates,1,,,,
